[CELL-DBG] step=1 cell=1
[CELL-DBG]   species     =           h+          cl-         no3-    n2(aq)(p)     ch2o(aq)        hco3-       o2(aq)        co3-2
[CELL-DBG]   components (u_i = combination of variable-activity species):
[CELL-DBG]     u1 = h+ - co3-2
[CELL-DBG]     u2 = cl-
[CELL-DBG]     u3 = no3-
[CELL-DBG]     u4 = n2(aq)(p)
[CELL-DBG]     u5 = ch2o(aq)
[CELL-DBG]     u6 = hco3- + co3-2
[CELL-DBG]     u7 = o2(aq)
[CELL-DBG]   aq eq reactions (secondary species eliminated, aq re_mean order):
[CELL-DBG]     re1 = co3-2
[CELL-DBG]   aq kin reactions (aq rk_mean/new/old order):
[CELL-DBG]     rk1 = aerobic oxidation of DOC
[CELL-DBG]     rk2 = denitrification
[CELL-DBG]   c_mix       =  2.30204E-06  3.01551E-05  3.97640E-05  4.47770E-08  6.77144E-05  9.88351E-04  6.41514E-06  5.30923E-07
[CELL-DBG]   c_tilde     =  9.72860E-08  3.01551E-05  3.98536E-05  1.00000E-16  7.00087E-05  9.86057E-04  8.59750E-06  5.30923E-07
[CELL-DBG]   c_new       =  8.22561E-06  3.01551E-05  3.77933E-05  1.03012E-06  5.92949E-05  9.97296E-04  4.58999E-07  5.68664E-09
[CELL-DBG]   u_mix       =  1.77112E-06  3.01551E-05  3.97640E-05  4.47770E-08  6.77144E-05  9.88882E-04  6.41514E-06
[CELL-DBG]   u_tilde     = -4.33637E-07  3.01551E-05  3.98536E-05  1.00000E-16  7.00087E-05  9.86588E-04  8.59750E-06
[CELL-DBG]   u_new       =  8.21993E-06  3.01551E-05  3.77933E-05  1.03012E-06  5.92949E-05  9.97301E-04  4.58999E-07
[CELL-DBG]   contrib_eq  = -5.25237E-07  1.35525E-20  2.73401E-19 -6.68094E-21  1.99734E-20  5.25237E-07 -2.38895E-22 -5.25237E-07
[CELL-DBG]   contrib_kin =  8.65357E-06  0.00000E+00 -2.06024E-06  1.03012E-06 -1.07138E-05  1.07138E-05 -8.13851E-06  0.00000E+00
[CELL-DBG]   min amnt_eq =
[CELL-DBG]   aq re_mean  = -5.41568E-05
[CELL-DBG]   min re_mean =
[CELL-DBG]   aq rk_mean  =  8.39155E-04  2.65537E-04
[CELL-DBG]   min rk_mean =
[CELL-DBG]   aq rk_new   =  1.22827E-03  5.07990E-04
[CELL-DBG]   aq rk_old   =  4.50045E-04  2.30846E-05
[CELL-DBG]   min rk_new  =
[CELL-DBG]   min rk_old  =
[CELL-DBG] step=1 cell=2
[CELL-DBG]   species     =           h+          cl-         no3-    n2(aq)(p)     ch2o(aq)        hco3-       o2(aq)        co3-2
[CELL-DBG]   components (u_i = combination of variable-activity species):
[CELL-DBG]     u1 = h+ - co3-2
[CELL-DBG]     u2 = cl-
[CELL-DBG]     u3 = no3-
[CELL-DBG]     u4 = n2(aq)(p)
[CELL-DBG]     u5 = ch2o(aq)
[CELL-DBG]     u6 = hco3- + co3-2
[CELL-DBG]     u7 = o2(aq)
[CELL-DBG]   aq eq reactions (secondary species eliminated, aq re_mean order):
[CELL-DBG]     re1 = co3-2
[CELL-DBG]   aq kin reactions (aq rk_mean/new/old order):
[CELL-DBG]     rk1 = aerobic oxidation of DOC
[CELL-DBG]     rk2 = denitrification
[CELL-DBG]   c_mix       =  2.35577E-06  7.42183E-06  1.72560E-05  4.58266E-08  2.24214E-05  9.98916E-04  6.36385E-07  4.84263E-07
[CELL-DBG]   c_tilde     =  9.93320E-08  7.42183E-06  1.73476E-05  1.00000E-16  2.47694E-05  9.96568E-04  2.86991E-06  4.84263E-07
[CELL-DBG]   c_new       =  2.50862E-06  7.42183E-06  1.69146E-05  2.16491E-07  2.14616E-05  1.00034E-03  1.03303E-07  1.87031E-08
[CELL-DBG]   u_mix       =  1.87151E-06  7.42183E-06  1.72560E-05  4.58266E-08  2.24214E-05  9.99401E-04  6.36385E-07
[CELL-DBG]   u_tilde     = -3.84931E-07  7.42183E-06  1.73476E-05  1.00000E-16  2.47694E-05  9.97052E-04  2.86991E-06
[CELL-DBG]   u_new       =  2.48992E-06  7.42183E-06  1.69146E-05  2.16491E-07  2.14616E-05  1.00036E-03  1.03303E-07
[CELL-DBG]   contrib_eq  = -4.65560E-07  6.77626E-21 -3.02755E-19  1.41769E-19  1.05563E-16  4.65560E-07  1.27242E-16 -4.65560E-07
[CELL-DBG]   contrib_kin =  2.87485E-06  0.00000E+00 -4.32981E-07  2.16491E-07 -3.30783E-06  3.30783E-06 -2.76661E-06  0.00000E+00
[CELL-DBG]   min amnt_eq =
[CELL-DBG]   aq re_mean  = -4.69041E-05
[CELL-DBG]   min re_mean =
[CELL-DBG]   aq rk_mean  =  2.78729E-04  5.45274E-05
[CELL-DBG]   min rk_mean =
[CELL-DBG]   aq rk_new   =  1.07414E-04  8.59701E-05
[CELL-DBG]   aq rk_old   =  4.50045E-04  2.30846E-05
[CELL-DBG]   min rk_new  =
[CELL-DBG]   min rk_old  =
[CELL-DBG] step=1 cell=3
[CELL-DBG]   species     =           h+          cl-         no3-    n2(aq)(p)     ch2o(aq)        hco3-       o2(aq)        co3-2
[CELL-DBG]   components (u_i = combination of variable-activity species):
[CELL-DBG]     u1 = h+ - co3-2
[CELL-DBG]     u2 = cl-
[CELL-DBG]     u3 = no3-
[CELL-DBG]     u4 = n2(aq)(p)
[CELL-DBG]     u5 = ch2o(aq)
[CELL-DBG]     u6 = hco3- + co3-2
[CELL-DBG]     u7 = o2(aq)
[CELL-DBG]   aq eq reactions (secondary species eliminated, aq re_mean order):
[CELL-DBG]     re1 = co3-2
[CELL-DBG]   aq kin reactions (aq rk_mean/new/old order):
[CELL-DBG]     rk1 = aerobic oxidation of DOC
[CELL-DBG]     rk2 = denitrification
[CELL-DBG]   c_mix       =  1.57357E-06  1.82667E-06  1.17485E-05  2.99304E-08  1.21015E-05  1.00069E-03  1.46023E-09  4.72779E-07
[CELL-DBG]   c_tilde     =  9.98356E-08  1.82667E-06  1.18084E-05  1.00000E-16  1.36351E-05  9.99155E-04  1.46023E-06  4.72779E-07
[CELL-DBG]   c_new       =  1.17500E-06  1.82667E-06  1.16159E-05  9.62437E-08  1.19346E-05  1.00129E-03  3.70337E-10  3.99687E-08
[CELL-DBG]   u_mix       =  1.10079E-06  1.82667E-06  1.17485E-05  2.99304E-08  1.21015E-05  1.00116E-03  1.46023E-09
[CELL-DBG]   u_tilde     = -3.72943E-07  1.82667E-06  1.18084E-05  1.00000E-16  1.36351E-05  9.99628E-04  1.46023E-06
[CELL-DBG]   u_new       =  1.13503E-06  1.82667E-06  1.16159E-05  9.62437E-08  1.19346E-05  1.00133E-03  3.70337E-10
[CELL-DBG]   contrib_eq  = -4.32810E-07  2.11758E-22 -1.48553E-18  7.45624E-19  8.31999E-16  4.32810E-07  1.11724E-15 -4.32810E-07
[CELL-DBG]   contrib_kin =  2.30340E-06  0.00000E+00 -2.24796E-07  1.12398E-07 -2.52820E-06  2.52820E-06 -2.24720E-06  0.00000E+00
[CELL-DBG]   min amnt_eq =
[CELL-DBG]   aq re_mean  = -4.33602E-05
[CELL-DBG]   min re_mean =
[CELL-DBG]   aq rk_mean  =  2.25132E-04  2.81510E-05
[CELL-DBG]   min rk_mean =
[CELL-DBG]   aq rk_new   =  2.18377E-07  3.32173E-05
[CELL-DBG]   aq rk_old   =  4.50045E-04  2.30846E-05
[CELL-DBG]   min rk_new  =
[CELL-DBG]   min rk_old  =
[CELL-DBG] step=1 cell=4
[CELL-DBG]   species     =           h+          cl-         no3-    n2(aq)(p)     ch2o(aq)        hco3-       o2(aq)        co3-2
[CELL-DBG]   components (u_i = combination of variable-activity species):
[CELL-DBG]     u1 = h+ - co3-2
[CELL-DBG]     u2 = cl-
[CELL-DBG]     u3 = no3-
[CELL-DBG]     u4 = n2(aq)(p)
[CELL-DBG]     u5 = ch2o(aq)
[CELL-DBG]     u6 = hco3- + co3-2
[CELL-DBG]     u7 = o2(aq)
[CELL-DBG]   aq eq reactions (secondary species eliminated, aq re_mean order):
[CELL-DBG]     re1 = co3-2
[CELL-DBG]   aq kin reactions (aq rk_mean/new/old order):
[CELL-DBG]     rk1 = aerobic oxidation of DOC
[CELL-DBG]     rk2 = denitrification
[CELL-DBG]   c_mix       =  1.22353E-06  4.49583E-07  1.03994E-05  2.28188E-08  9.72547E-06  1.00096E-03  1.11327E-09  4.69952E-07
[CELL-DBG]   c_tilde     =  9.99595E-08  4.49583E-07  1.04451E-05  1.00000E-16  1.08947E-05  9.99792E-04  1.11327E-06  4.69952E-07
[CELL-DBG]   c_new       =  8.34405E-07  4.49583E-07  1.03044E-05  7.03212E-08  9.60593E-06  1.00149E-03  3.29615E-10  5.62952E-08
[CELL-DBG]   u_mix       =  7.53575E-07  4.49583E-07  1.03994E-05  2.28188E-08  9.72547E-06  1.00143E-03  1.11327E-09
[CELL-DBG]   u_tilde     = -3.69993E-07  4.49583E-07  1.04451E-05  1.00000E-16  1.08947E-05  1.00026E-03  1.11327E-06
[CELL-DBG]   u_new       =  7.78110E-07  4.49583E-07  1.03044E-05  7.03212E-08  9.60593E-06  1.00155E-03  3.29615E-10
[CELL-DBG]   contrib_eq  = -4.13657E-07  3.17637E-22 -9.33384E-21  2.80927E-23  3.50604E-20  4.13657E-07  5.20092E-20 -4.13657E-07
[CELL-DBG]   contrib_kin =  2.29682E-06  0.00000E+00 -1.87302E-07  9.36508E-08 -2.48412E-06  2.48412E-06 -2.25000E-06  0.00000E+00
[CELL-DBG]   min amnt_eq =
[CELL-DBG]   aq re_mean  = -4.13843E-05
[CELL-DBG]   min re_mean =
[CELL-DBG]   aq rk_mean  =  2.25101E-04  2.34232E-05
[CELL-DBG]   min rk_mean =
[CELL-DBG]   aq rk_new   =  1.56802E-07  2.37619E-05
[CELL-DBG]   aq rk_old   =  4.50045E-04  2.30846E-05
[CELL-DBG]   min rk_new  =
[CELL-DBG]   min rk_old  =
[CELL-DBG] step=1 cell=5
[CELL-DBG]   species     =           h+          cl-         no3-    n2(aq)(p)     ch2o(aq)        hco3-       o2(aq)        co3-2
[CELL-DBG]   components (u_i = combination of variable-activity species):
[CELL-DBG]     u1 = h+ - co3-2
[CELL-DBG]     u2 = cl-
[CELL-DBG]     u3 = no3-
[CELL-DBG]     u4 = n2(aq)(p)
[CELL-DBG]     u5 = ch2o(aq)
[CELL-DBG]     u6 = hco3- + co3-2
[CELL-DBG]     u7 = o2(aq)
[CELL-DBG]   aq eq reactions (secondary species eliminated, aq re_mean order):
[CELL-DBG]     re1 = co3-2
[CELL-DBG]   aq kin reactions (aq rk_mean/new/old order):
[CELL-DBG]     rk1 = aerobic oxidation of DOC
[CELL-DBG]     rk2 = denitrification
[CELL-DBG]   c_mix       =  1.13737E-06  1.10652E-07  1.00674E-05  2.10685E-08  9.14068E-06  1.00103E-03  1.02788E-09  4.69256E-07
[CELL-DBG]   c_tilde     =  9.99900E-08  1.10652E-07  1.01095E-05  1.00000E-16  1.02202E-05  9.99949E-04  1.02788E-06  4.69256E-07
[CELL-DBG]   c_new       =  7.52871E-07  1.10652E-07  9.98082E-06  6.43634E-08  9.03173E-06  1.00154E-03  3.17501E-10  6.23949E-08
[CELL-DBG]   u_mix       =  6.68118E-07  1.10652E-07  1.00674E-05  2.10685E-08  9.14068E-06  1.00150E-03  1.02788E-09
[CELL-DBG]   u_tilde     = -3.69266E-07  1.10652E-07  1.01095E-05  1.00000E-16  1.02202E-05  1.00042E-03  1.02788E-06
[CELL-DBG]   u_new       =  6.90476E-07  1.10652E-07  9.98082E-06  6.43634E-08  9.03173E-06  1.00161E-03  3.17501E-10
[CELL-DBG]   contrib_eq  = -4.06862E-07 -6.61744E-23 -2.61307E-21  1.68332E-22  1.20340E-19  4.06862E-07  1.83797E-19 -4.06862E-07
[CELL-DBG]   contrib_kin =  2.29542E-06  0.00000E+00 -1.78918E-07  8.94590E-08 -2.47433E-06  2.47433E-06 -2.25069E-06  0.00000E+00
[CELL-DBG]   min amnt_eq =
[CELL-DBG]   aq re_mean  = -4.06907E-05
[CELL-DBG]   min re_mean =
[CELL-DBG]   aq rk_mean  =  2.25094E-04  2.23672E-05
[CELL-DBG]   min rk_mean =
[CELL-DBG]   aq rk_new   =  1.42091E-07  2.16498E-05
[CELL-DBG]   aq rk_old   =  4.50045E-04  2.30846E-05
[CELL-DBG]   min rk_new  =
[CELL-DBG]   min rk_old  =
[CELL-DBG] step=1 cell=6
[CELL-DBG]   species     =           h+          cl-         no3-    n2(aq)(p)     ch2o(aq)        hco3-       o2(aq)        co3-2
[CELL-DBG]   components (u_i = combination of variable-activity species):
[CELL-DBG]     u1 = h+ - co3-2
[CELL-DBG]     u2 = cl-
[CELL-DBG]     u3 = no3-
[CELL-DBG]     u4 = n2(aq)(p)
[CELL-DBG]     u5 = ch2o(aq)
[CELL-DBG]     u6 = hco3- + co3-2
[CELL-DBG]     u7 = o2(aq)
[CELL-DBG]   aq eq reactions (secondary species eliminated, aq re_mean order):
[CELL-DBG]     re1 = co3-2
[CELL-DBG]   aq kin reactions (aq rk_mean/new/old order):
[CELL-DBG]     rk1 = aerobic oxidation of DOC
[CELL-DBG]     rk2 = denitrification
[CELL-DBG]   c_mix       =  1.11617E-06  2.72339E-08  9.98569E-06  2.06377E-08  8.99675E-06  1.00104E-03  1.00686E-09  4.69085E-07
[CELL-DBG]   c_tilde     =  9.99975E-08  2.72339E-08  1.00270E-05  1.00000E-16  1.00542E-05  9.99987E-04  1.00686E-06  4.69085E-07
[CELL-DBG]   c_new       =  7.33007E-07  2.72339E-08  9.90112E-06  6.29229E-08  8.89034E-06  1.00156E-03  3.14362E-10  6.40866E-08
[CELL-DBG]   u_mix       =  6.47086E-07  2.72339E-08  9.98569E-06  2.06377E-08  8.99675E-06  1.00151E-03  1.00686E-09
[CELL-DBG]   u_tilde     = -3.69088E-07  2.72339E-08  1.00270E-05  1.00000E-16  1.00542E-05  1.00046E-03  1.00686E-06
[CELL-DBG]   u_new       =  6.68921E-07  2.72339E-08  9.90112E-06  6.29229E-08  8.89034E-06  1.00162E-03  3.14362E-10
[CELL-DBG]   contrib_eq  = -4.04999E-07 -2.64698E-23  6.55725E-21  1.09509E-22  1.68363E-19  4.04999E-07  2.52056E-19 -4.04999E-07
[CELL-DBG]   contrib_kin =  2.29508E-06  0.00000E+00 -1.76906E-07  8.84531E-08 -2.47199E-06  2.47199E-06 -2.25086E-06  0.00000E+00
[CELL-DBG]   min amnt_eq =
[CELL-DBG]   aq re_mean  = -4.05010E-05
[CELL-DBG]   min re_mean =
[CELL-DBG]   aq rk_mean  =  2.25092E-04  2.21139E-05
[CELL-DBG]   min rk_mean =
[CELL-DBG]   aq rk_new   =  1.38504E-07  2.11432E-05
[CELL-DBG]   aq rk_old   =  4.50045E-04  2.30846E-05
[CELL-DBG]   min rk_new  =
[CELL-DBG]   min rk_old  =
[CELL-DBG] step=1 cell=7
[CELL-DBG]   species     =           h+          cl-         no3-    n2(aq)(p)     ch2o(aq)        hco3-       o2(aq)        co3-2
[CELL-DBG]   components (u_i = combination of variable-activity species):
[CELL-DBG]     u1 = h+ - co3-2
[CELL-DBG]     u2 = cl-
[CELL-DBG]     u3 = no3-
[CELL-DBG]     u4 = n2(aq)(p)
[CELL-DBG]     u5 = ch2o(aq)
[CELL-DBG]     u6 = hco3- + co3-2
[CELL-DBG]     u7 = o2(aq)
[CELL-DBG]   aq eq reactions (secondary species eliminated, aq re_mean order):
[CELL-DBG]     re1 = co3-2
[CELL-DBG]   aq kin reactions (aq rk_mean/new/old order):
[CELL-DBG]     rk1 = aerobic oxidation of DOC
[CELL-DBG]     rk2 = denitrification
[CELL-DBG]   c_mix       =  1.11095E-06  6.70309E-09  9.96557E-06  2.05317E-08  8.96132E-06  1.00105E-03  1.00169E-09  4.69043E-07
[CELL-DBG]   c_tilde     =  9.99994E-08  6.70309E-09  1.00066E-05  1.00000E-16  1.00133E-05  9.99997E-04  1.00169E-06  4.69043E-07
[CELL-DBG]   c_new       =  7.28132E-07  6.70309E-09  9.88150E-06  6.25699E-08  8.85554E-06  1.00156E-03  3.13580E-10  6.45158E-08
[CELL-DBG]   u_mix       =  6.41909E-07  6.70309E-09  9.96557E-06  2.05317E-08  8.96132E-06  1.00152E-03  1.00169E-09
[CELL-DBG]   u_tilde     = -3.69044E-07  6.70309E-09  1.00066E-05  1.00000E-16  1.00133E-05  1.00047E-03  1.00169E-06
[CELL-DBG]   u_new       =  6.63617E-07  6.70309E-09  9.88150E-06  6.25699E-08  8.85554E-06  1.00162E-03  3.13580E-10
[CELL-DBG]   contrib_eq  = -4.04527E-07  4.13590E-24  3.21865E-21  5.82703E-23  1.96332E-19  4.04527E-07  2.72518E-19 -4.04527E-07
[CELL-DBG]   contrib_kin =  2.29500E-06  0.00000E+00 -1.76414E-07  8.82071E-08 -2.47142E-06  2.47142E-06 -2.25090E-06  0.00000E+00
[CELL-DBG]   min amnt_eq =
[CELL-DBG]   aq re_mean  = -4.04530E-05
[CELL-DBG]   min re_mean =
[CELL-DBG]   aq rk_mean  =  2.25091E-04  2.20519E-05
[CELL-DBG]   min rk_mean =
[CELL-DBG]   aq rk_new   =  1.37623E-07  2.10192E-05
[CELL-DBG]   aq rk_old   =  4.50045E-04  2.30846E-05
[CELL-DBG]   min rk_new  =
[CELL-DBG]   min rk_old  =
[CELL-DBG] step=1 cell=8
[CELL-DBG]   species     =           h+          cl-         no3-    n2(aq)(p)     ch2o(aq)        hco3-       o2(aq)        co3-2
[CELL-DBG]   components (u_i = combination of variable-activity species):
[CELL-DBG]     u1 = h+ - co3-2
[CELL-DBG]     u2 = cl-
[CELL-DBG]     u3 = no3-
[CELL-DBG]     u4 = n2(aq)(p)
[CELL-DBG]     u5 = ch2o(aq)
[CELL-DBG]     u6 = hco3- + co3-2
[CELL-DBG]     u7 = o2(aq)
[CELL-DBG]   aq eq reactions (secondary species eliminated, aq re_mean order):
[CELL-DBG]     re1 = co3-2
[CELL-DBG]   aq kin reactions (aq rk_mean/new/old order):
[CELL-DBG]     rk1 = aerobic oxidation of DOC
[CELL-DBG]     rk2 = denitrification
[CELL-DBG]   c_mix       =  1.10967E-06  1.65079E-09  9.96062E-06  2.05056E-08  8.95261E-06  1.00105E-03  1.00042E-09  4.69033E-07
[CELL-DBG]   c_tilde     =  9.99999E-08  1.65079E-09  1.00016E-05  1.00000E-16  1.00033E-05  9.99999E-04  1.00042E-06  4.69033E-07
[CELL-DBG]   c_new       =  7.26934E-07  1.65079E-09  9.87667E-06  6.24831E-08  8.84697E-06  1.00156E-03  3.13386E-10  6.46223E-08
[CELL-DBG]   u_mix       =  6.40635E-07  1.65079E-09  9.96062E-06  2.05056E-08  8.95261E-06  1.00152E-03  1.00042E-09
[CELL-DBG]   u_tilde     = -3.69033E-07  1.65079E-09  1.00016E-05  1.00000E-16  1.00033E-05  1.00047E-03  1.00042E-06
[CELL-DBG]   u_new       =  6.62311E-07  1.65079E-09  9.87667E-06  6.24831E-08  8.84697E-06  1.00162E-03  3.13386E-10
[CELL-DBG]   contrib_eq  = -4.04410E-07 -1.03398E-24  3.07910E-21  1.54516E-22  1.86473E-19  4.04410E-07  2.77805E-19 -4.04410E-07
[CELL-DBG]   contrib_kin =  2.29498E-06  0.00000E+00 -1.76293E-07  8.81467E-08 -2.47128E-06  2.47128E-06 -2.25091E-06  0.00000E+00
[CELL-DBG]   min amnt_eq =
[CELL-DBG]   aq re_mean  = -4.04411E-05
[CELL-DBG]   min re_mean =
[CELL-DBG]   aq rk_mean  =  2.25091E-04  2.20367E-05
[CELL-DBG]   min rk_mean =
[CELL-DBG]   aq rk_new   =  1.37406E-07  2.09888E-05
[CELL-DBG]   aq rk_old   =  4.50045E-04  2.30846E-05
[CELL-DBG]   min rk_new  =
[CELL-DBG]   min rk_old  =
[CELL-DBG] step=1 cell=9
[CELL-DBG]   species     =           h+          cl-         no3-    n2(aq)(p)     ch2o(aq)        hco3-       o2(aq)        co3-2
[CELL-DBG]   components (u_i = combination of variable-activity species):
[CELL-DBG]     u1 = h+ - co3-2
[CELL-DBG]     u2 = cl-
[CELL-DBG]     u3 = no3-
[CELL-DBG]     u4 = n2(aq)(p)
[CELL-DBG]     u5 = ch2o(aq)
[CELL-DBG]     u6 = hco3- + co3-2
[CELL-DBG]     u7 = o2(aq)
[CELL-DBG]   aq eq reactions (secondary species eliminated, aq re_mean order):
[CELL-DBG]     re1 = co3-2
[CELL-DBG]   aq kin reactions (aq rk_mean/new/old order):
[CELL-DBG]     rk1 = aerobic oxidation of DOC
[CELL-DBG]     rk2 = denitrification
[CELL-DBG]   c_mix       =  1.10935E-06  4.10837E-10  9.95941E-06  2.04992E-08  8.95047E-06  1.00105E-03  1.00010E-09  4.69030E-07
[CELL-DBG]   c_tilde     =  1.00000E-07  4.10837E-10  1.00004E-05  1.00000E-16  1.00008E-05  1.00000E-03  1.00010E-06  4.69030E-07
[CELL-DBG]   c_new       =  7.26639E-07  4.10837E-10  9.87548E-06  6.24619E-08  8.84487E-06  1.00156E-03  3.13339E-10  6.46485E-08
[CELL-DBG]   u_mix       =  6.40323E-07  4.10837E-10  9.95941E-06  2.04992E-08  8.95047E-06  1.00152E-03  1.00010E-09
[CELL-DBG]   u_tilde     = -3.69030E-07  4.10837E-10  1.00004E-05  1.00000E-16  1.00008E-05  1.00047E-03  1.00010E-06
[CELL-DBG]   u_new       =  6.61991E-07  4.10837E-10  9.87548E-06  6.24619E-08  8.84487E-06  1.00162E-03  3.13339E-10
[CELL-DBG]   contrib_eq  = -4.04382E-07 -6.72084E-25 -7.41105E-22  1.72029E-22  1.85113E-19  4.04382E-07  2.79119E-19 -4.04382E-07
[CELL-DBG]   contrib_kin =  2.29498E-06  0.00000E+00 -1.76264E-07  8.81319E-08 -2.47124E-06  2.47124E-06 -2.25091E-06  0.00000E+00
[CELL-DBG]   min amnt_eq =
[CELL-DBG]   aq re_mean  = -4.04382E-05
[CELL-DBG]   min re_mean =
[CELL-DBG]   aq rk_mean  =  2.25091E-04  2.20330E-05
[CELL-DBG]   min rk_mean =
[CELL-DBG]   aq rk_new   =  1.37353E-07  2.09813E-05
[CELL-DBG]   aq rk_old   =  4.50045E-04  2.30846E-05
[CELL-DBG]   min rk_new  =
[CELL-DBG]   min rk_old  =
[CELL-DBG] step=1 cell=10
[CELL-DBG]   species     =           h+          cl-         no3-    n2(aq)(p)     ch2o(aq)        hco3-       o2(aq)        co3-2
[CELL-DBG]   components (u_i = combination of variable-activity species):
[CELL-DBG]     u1 = h+ - co3-2
[CELL-DBG]     u2 = cl-
[CELL-DBG]     u3 = no3-
[CELL-DBG]     u4 = n2(aq)(p)
[CELL-DBG]     u5 = ch2o(aq)
[CELL-DBG]     u6 = hco3- + co3-2
[CELL-DBG]     u7 = o2(aq)
[CELL-DBG]   aq eq reactions (secondary species eliminated, aq re_mean order):
[CELL-DBG]     re1 = co3-2
[CELL-DBG]   aq kin reactions (aq rk_mean/new/old order):
[CELL-DBG]     rk1 = aerobic oxidation of DOC
[CELL-DBG]     rk2 = denitrification
[CELL-DBG]   c_mix       =  1.10928E-06  1.21515E-10  9.95912E-06  2.04977E-08  8.94997E-06  1.00105E-03  1.00003E-09  4.69030E-07
[CELL-DBG]   c_tilde     =  1.00000E-07  1.21515E-10  1.00001E-05  1.00000E-16  1.00002E-05  1.00000E-03  1.00003E-06  4.69030E-07
[CELL-DBG]   c_new       =  7.26571E-07  1.21515E-10  9.87521E-06  6.24569E-08  8.84438E-06  1.00156E-03  3.13328E-10  6.46546E-08
[CELL-DBG]   u_mix       =  6.40250E-07  1.21515E-10  9.95912E-06  2.04977E-08  8.94997E-06  1.00152E-03  1.00003E-09
[CELL-DBG]   u_tilde     = -3.69030E-07  1.21515E-10  1.00001E-05  1.00000E-16  1.00002E-05  1.00047E-03  1.00003E-06
[CELL-DBG]   u_new       =  6.61916E-07  1.21515E-10  9.87521E-06  6.24569E-08  8.84438E-06  1.00162E-03  3.13328E-10
[CELL-DBG]   contrib_eq  = -4.04375E-07  2.06795E-25  6.51406E-21  1.17868E-22  1.87168E-19  4.04375E-07  2.79424E-19 -4.04375E-07
[CELL-DBG]   contrib_kin =  2.29498E-06  0.00000E+00 -1.76257E-07  8.81284E-08 -2.47123E-06  2.47123E-06 -2.25091E-06  0.00000E+00
[CELL-DBG]   min amnt_eq =
[CELL-DBG]   aq re_mean  = -4.04375E-05
[CELL-DBG]   min re_mean =
[CELL-DBG]   aq rk_mean  =  2.25091E-04  2.20321E-05
[CELL-DBG]   min rk_mean =
[CELL-DBG]   aq rk_new   =  1.37341E-07  2.09796E-05
[CELL-DBG]   aq rk_old   =  4.50045E-04  2.30846E-05
[CELL-DBG]   min rk_new  =
[CELL-DBG]   min rk_old  =
[CELL-DBG] step=2 cell=1
[CELL-DBG]   species     =           h+          cl-         no3-    n2(aq)(p)     ch2o(aq)        hco3-       o2(aq)        co3-2
[CELL-DBG]   c_mix       =  1.17941E-05  5.42066E-05  6.04345E-05  1.61504E-06  1.02447E-04  9.90854E-04  3.27102E-06  8.55771E-08
[CELL-DBG]   c_tilde     =  6.67520E-06  5.42066E-05  6.20300E-05  8.17265E-07  1.09162E-04  9.84139E-04  7.99105E-06  8.55771E-08
[CELL-DBG]   c_new       =  1.59646E-05  5.42066E-05  5.58962E-05  3.88418E-06  9.36560E-05  9.99728E-04  1.52485E-07  2.93714E-09
[CELL-DBG]   u_mix       =  1.17085E-05  5.42066E-05  6.04345E-05  1.61504E-06  1.02447E-04  9.90940E-04  3.27102E-06
[CELL-DBG]   u_tilde     =  6.58963E-06  5.42066E-05  6.20300E-05  8.17265E-07  1.09162E-04  9.84225E-04  7.99105E-06
[CELL-DBG]   u_new       =  1.59617E-05  5.42066E-05  5.58962E-05  3.88418E-06  9.36560E-05  9.99731E-04  1.52485E-07
[CELL-DBG]   contrib_eq  = -8.26399E-08 -3.38813E-20  5.50882E-20  5.95105E-16  7.44635E-21  8.26399E-08  2.53703E-21 -8.26399E-08
[CELL-DBG]   contrib_kin =  1.07019E-05  0.00000E+00 -6.50898E-06  3.25449E-06 -1.72109E-05  1.72109E-05 -9.07468E-06  0.00000E+00
[CELL-DBG]   min amnt_eq =
[CELL-DBG]   aq re_mean  = -8.52094E-06
[CELL-DBG]   min re_mean =
[CELL-DBG]   aq rk_mean  =  9.35683E-04  8.38920E-04
[CELL-DBG]   min rk_mean =
[CELL-DBG]   aq rk_new   =  6.43101E-04  1.16985E-03
[CELL-DBG]   aq rk_old   =  1.22827E-03  5.07990E-04
[CELL-DBG]   min rk_new  =
[CELL-DBG]   min rk_old  =
[CELL-DBG] step=2 cell=2
[CELL-DBG]   species     =           h+          cl-         no3-    n2(aq)(p)     ch2o(aq)        hco3-       o2(aq)        co3-2
[CELL-DBG]   c_mix       =  4.92713E-06  1.79428E-05  2.64621E-05  6.50662E-07  3.91097E-05  9.98766E-04  5.50771E-07  3.93966E-08
[CELL-DBG]   c_tilde     =  3.29678E-06  1.79428E-05  2.70771E-05  3.43146E-07  4.13551E-05  9.96521E-04  2.02737E-06  3.93966E-08
[CELL-DBG]   c_new       =  5.61432E-06  1.79428E-05  2.55702E-05  1.09662E-06  3.74996E-05  1.00041E-03  5.55243E-08  8.35757E-09
[CELL-DBG]   u_mix       =  4.88773E-06  1.79428E-05  2.64621E-05  6.50662E-07  3.91097E-05  9.98806E-04  5.50771E-07
[CELL-DBG]   u_tilde     =  3.25738E-06  1.79428E-05  2.70771E-05  3.43146E-07  4.13551E-05  9.96560E-04  2.02737E-06
[CELL-DBG]   u_new       =  5.60596E-06  1.79428E-05  2.55702E-05  1.09662E-06  3.74996E-05  1.00042E-03  5.55243E-08
[CELL-DBG]   contrib_eq  = -3.10390E-08 -1.35525E-20 -1.04886E-20  5.52610E-16  3.74829E-21  3.10390E-08 -8.23755E-23 -3.10390E-08
[CELL-DBG]   contrib_kin =  1.33664E-06  0.00000E+00 -1.23324E-06  6.16619E-07 -2.56988E-06  2.56988E-06 -1.02833E-06  0.00000E+00
[CELL-DBG]   min amnt_eq =
[CELL-DBG]   aq re_mean  = -3.12711E-06
[CELL-DBG]   min re_mean =
[CELL-DBG]   aq rk_mean  =  1.03602E-04  1.55307E-04
[CELL-DBG]   min rk_mean =
[CELL-DBG]   aq rk_new   =  9.97899E-05  2.24645E-04
[CELL-DBG]   aq rk_old   =  1.07414E-04  8.59701E-05
[CELL-DBG]   min rk_new  =
[CELL-DBG]   min rk_old  =
[CELL-DBG] step=2 cell=3
[CELL-DBG]   species     =           h+          cl-         no3-    n2(aq)(p)     ch2o(aq)        hco3-       o2(aq)        co3-2
[CELL-DBG]   c_mix       =  2.06222E-06  5.54862E-06  1.49434E-05  2.74853E-07  1.80917E-05  1.00082E-03  1.35060E-07  4.28117E-08
[CELL-DBG]   c_tilde     =  1.63682E-06  5.54862E-06  1.51883E-05  1.52425E-07  1.87620E-05  1.00015E-03  4.99250E-07  4.28117E-08
[CELL-DBG]   c_new       =  2.21210E-06  5.54862E-06  1.46963E-05  3.98403E-07  1.76732E-05  1.00126E-03  2.53745E-08  2.12297E-08
[CELL-DBG]   u_mix       =  2.01941E-06  5.54862E-06  1.49434E-05  2.74853E-07  1.80917E-05  1.00086E-03  1.35060E-07
[CELL-DBG]   u_tilde     =  1.59400E-06  5.54862E-06  1.51883E-05  1.52425E-07  1.87620E-05  1.00019E-03  4.99250E-07
[CELL-DBG]   u_new       =  2.19087E-06  5.54862E-06  1.46963E-05  3.98403E-07  1.76732E-05  1.00128E-03  2.53745E-08
[CELL-DBG]   contrib_eq  = -2.15820E-08 -3.38813E-21 -8.88487E-21 -3.75063E-22  2.36971E-20  2.15820E-08  8.35977E-21 -2.15820E-08
[CELL-DBG]   contrib_kin =  2.05707E-07  0.00000E+00 -3.79727E-07  1.89864E-07 -5.85434E-07  5.85434E-07 -1.10775E-07  0.00000E+00
[CELL-DBG]   min amnt_eq =
[CELL-DBG]   aq re_mean  = -2.16215E-06
[CELL-DBG]   min re_mean =
[CELL-DBG]   aq rk_mean  =  1.10978E-05  4.75527E-05
[CELL-DBG]   min rk_mean =
[CELL-DBG]   aq rk_new   =  2.19772E-05  6.18882E-05
[CELL-DBG]   aq rk_old   =  2.18377E-07  3.32173E-05
[CELL-DBG]   min rk_new  =
[CELL-DBG]   min rk_old  =
[CELL-DBG] step=2 cell=4
[CELL-DBG]   species     =           h+          cl-         no3-    n2(aq)(p)     ch2o(aq)        hco3-       o2(aq)        co3-2
[CELL-DBG]   c_mix       =  1.14024E-06  1.64437E-06  1.13186E-05  1.54682E-07  1.15042E-05  1.00143E-03  3.29095E-08  5.40677E-08
[CELL-DBG]   c_tilde     =  1.01742E-06  1.64437E-06  1.14490E-05  8.94715E-08  1.17574E-05  1.00117E-03  1.23123E-07  5.40677E-08
[CELL-DBG]   c_new       =  1.18059E-06  1.64437E-06  1.11970E-05  2.15449E-07  1.13280E-05  1.00162E-03  8.66813E-09  3.97926E-08
[CELL-DBG]   u_mix       =  1.08617E-06  1.64437E-06  1.13186E-05  1.54682E-07  1.15042E-05  1.00148E-03  3.29095E-08
[CELL-DBG]   u_tilde     =  9.63355E-07  1.64437E-06  1.14490E-05  8.94715E-08  1.17574E-05  1.00123E-03  1.23123E-07
[CELL-DBG]   u_new       =  1.14080E-06  1.64437E-06  1.11970E-05  2.15449E-07  1.13280E-05  1.00166E-03  8.66813E-09
[CELL-DBG]   contrib_eq  = -1.42751E-08 -1.69407E-21 -6.14040E-19  3.12473E-19  3.61355E-16  1.42751E-08  4.91968E-16 -1.42751E-08
[CELL-DBG]   contrib_kin =  7.91598E-08  0.00000E+00 -2.16539E-07  1.08270E-07 -2.95699E-07  2.95699E-07 -2.50250E-08  0.00000E+00
[CELL-DBG]   min amnt_eq =
[CELL-DBG]   aq re_mean  = -1.42815E-06
[CELL-DBG]   min re_mean =
[CELL-DBG]   aq rk_mean  =  2.50363E-06  2.70796E-05
[CELL-DBG]   min rk_mean =
[CELL-DBG]   aq rk_new   =  4.85045E-06  3.03973E-05
[CELL-DBG]   aq rk_old   =  1.56802E-07  2.37619E-05
[CELL-DBG]   min rk_new  =
[CELL-DBG]   min rk_old  =
[CELL-DBG] step=2 cell=5
[CELL-DBG]   species     =           h+          cl-         no3-    n2(aq)(p)     ch2o(aq)        hco3-       o2(aq)        co3-2
[CELL-DBG]   c_mix       =  8.61448E-07  4.73317E-07  1.02310E-05  1.18800E-07  9.53346E-06  1.00160E-03  7.80612E-09  6.06464E-08
[CELL-DBG]   c_tilde     =  8.14456E-07  4.73317E-07  1.03280E-05  7.02873E-08  9.67747E-06  1.00145E-03  3.05419E-08  6.06464E-08
[CELL-DBG]   c_new       =  8.82420E-07  4.73317E-07  1.01393E-05  1.64624E-07  9.41344E-06  1.00173E-03  2.34375E-09  5.32444E-08
[CELL-DBG]   u_mix       =  8.00801E-07  4.73317E-07  1.02310E-05  1.18800E-07  9.53346E-06  1.00166E-03  7.80612E-09
[CELL-DBG]   u_tilde     =  7.53809E-07  4.73317E-07  1.03280E-05  7.02873E-08  9.67747E-06  1.00152E-03  3.05419E-08
[CELL-DBG]   u_new       =  8.29176E-07  4.73317E-07  1.01393E-05  1.64624E-07  9.41344E-06  1.00178E-03  2.34375E-09
[CELL-DBG]   contrib_eq  = -7.40201E-09 -3.70577E-22 -1.05148E-20  1.81634E-21  2.28289E-18  7.40201E-09  3.28035E-18 -7.40201E-09
[CELL-DBG]   contrib_kin =  5.07322E-08  0.00000E+00 -1.78238E-07  8.91189E-08 -2.28970E-07  2.28970E-07 -6.17275E-09  0.00000E+00
[CELL-DBG]   min amnt_eq =
[CELL-DBG]   aq re_mean  = -7.40282E-07
[CELL-DBG]   min re_mean =
[CELL-DBG]   aq rk_mean  =  6.17343E-07  2.22822E-05
[CELL-DBG]   min rk_mean =
[CELL-DBG]   aq rk_new   =  1.09259E-06  2.29145E-05
[CELL-DBG]   aq rk_old   =  1.42091E-07  2.16498E-05
[CELL-DBG]   min rk_new  =
[CELL-DBG]   min rk_old  =
[CELL-DBG] step=2 cell=6
[CELL-DBG]   species     =           h+          cl-         no3-    n2(aq)(p)     ch2o(aq)        hco3-       o2(aq)        co3-2
[CELL-DBG]   c_mix       =  7.80192E-07  1.33379E-07  9.91515E-06  1.08447E-07  8.96234E-06  1.00165E-03  1.63682E-09  6.33161E-08
[CELL-DBG]   c_tilde     =  7.52188E-07  1.33379E-07  1.00027E-05  6.46727E-08  9.07789E-06  1.00153E-03  7.75389E-09  6.33161E-08
[CELL-DBG]   c_new       =  7.97809E-07  1.33379E-07  9.83149E-06  1.50277E-07  8.85664E-06  1.00176E-03  5.12378E-10  5.88930E-08
[CELL-DBG]   u_mix       =  7.16876E-07  1.33379E-07  9.91515E-06  1.08447E-07  8.96234E-06  1.00171E-03  1.63682E-09
[CELL-DBG]   u_tilde     =  6.88872E-07  1.33379E-07  1.00027E-05  6.46727E-08  9.07789E-06  1.00160E-03  7.75389E-09
[CELL-DBG]   u_new       =  7.38916E-07  1.33379E-07  9.83149E-06  1.50277E-07  8.85664E-06  1.00182E-03  5.12378E-10
[CELL-DBG]   contrib_eq  = -4.42309E-09  1.27108E-19  3.62856E-21  2.50360E-22  7.85478E-22  4.42309E-09  8.29163E-25 -4.42309E-09
[CELL-DBG]   contrib_kin =  4.38744E-08  0.00000E+00 -1.68230E-07  8.41149E-08 -2.12104E-07  2.12104E-07 -1.81694E-09  0.00000E+00
[CELL-DBG]   min amnt_eq =
[CELL-DBG]   aq re_mean  = -4.42321E-07
[CELL-DBG]   min re_mean =
[CELL-DBG]   aq rk_mean  =  1.81699E-07  2.10293E-05
[CELL-DBG]   min rk_mean =
[CELL-DBG]   aq rk_new   =  2.24894E-07  2.09155E-05
[CELL-DBG]   aq rk_old   =  1.38504E-07  2.11432E-05
[CELL-DBG]   min rk_new  =
[CELL-DBG]   min rk_old  =
[CELL-DBG] step=2 cell=7
[CELL-DBG]   species     =           h+          cl-         no3-    n2(aq)(p)     ch2o(aq)        hco3-       o2(aq)        co3-2
[CELL-DBG]   c_mix       =  7.57092E-07  3.69852E-08  9.82556E-06  1.05527E-07  8.80059E-06  1.00166E-03  1.20678E-10  6.42394E-08
[CELL-DBG]   c_tilde     =  7.33840E-07  3.69852E-08  9.91047E-06  6.30721E-08  8.90875E-06  1.00155E-03  2.14483E-09  6.42394E-08
[CELL-DBG]   c_new       =  7.74003E-07  3.69852E-08  9.74411E-06  1.46253E-07  8.69869E-06  1.00177E-03  3.82388E-11  6.07049E-08
[CELL-DBG]   u_mix       =  6.92853E-07  3.69852E-08  9.82556E-06  1.05527E-07  8.80059E-06  1.00173E-03  1.20678E-10
[CELL-DBG]   u_tilde     =  6.69601E-07  3.69852E-08  9.91047E-06  6.30721E-08  8.90875E-06  1.00162E-03  2.14483E-09
[CELL-DBG]   u_new       =  7.13298E-07  3.69852E-08  9.74411E-06  1.46253E-07  8.69869E-06  1.00183E-03  3.82388E-11
[CELL-DBG]   contrib_eq  = -3.53452E-09 -2.64698E-23 -3.34928E-20  1.43112E-20  1.90819E-17  3.53452E-09  2.79824E-17 -3.53452E-09
[CELL-DBG]   contrib_kin =  4.21524E-08  0.00000E+00 -1.65527E-07  8.27636E-08 -2.07680E-07  2.07680E-07 -7.70548E-10  0.00000E+00
[CELL-DBG]   min amnt_eq =
[CELL-DBG]   aq re_mean  = -3.53454E-07
[CELL-DBG]   min re_mean =
[CELL-DBG]   aq rk_mean  =  7.70553E-08  2.06910E-05
[CELL-DBG]   min rk_mean =
[CELL-DBG]   aq rk_new   =  1.64879E-08  2.03628E-05
[CELL-DBG]   aq rk_old   =  1.37623E-07  2.10192E-05
[CELL-DBG]   min rk_new  =
[CELL-DBG]   min rk_old  =
[CELL-DBG] step=2 cell=8
[CELL-DBG]   species     =           h+          cl-         no3-    n2(aq)(p)     ch2o(aq)        hco3-       o2(aq)        co3-2
[CELL-DBG]   c_mix       =  7.45161E-07  1.01349E-08  9.82153E-06  9.42534E-08  8.78198E-06  1.00164E-03  7.64412E-13  6.45326E-08
[CELL-DBG]   c_tilde     =  7.28583E-07  1.01349E-08  9.88478E-06  6.26244E-08  8.86182E-06  1.00156E-03  7.64412E-10  6.45326E-08
[CELL-DBG]   c_new       =  7.62556E-07  1.01349E-08  9.74028E-06  1.34878E-07  8.68042E-06  1.00174E-03  2.42871E-13  6.16147E-08
[CELL-DBG]   u_mix       =  6.80628E-07  1.01349E-08  9.82153E-06  9.42534E-08  8.78198E-06  1.00170E-03  7.64412E-13
[CELL-DBG]   u_tilde     =  6.64050E-07  1.01349E-08  9.88478E-06  6.26244E-08  8.86182E-06  1.00162E-03  7.64412E-10
[CELL-DBG]   u_new       =  7.00941E-07  1.01349E-08  9.74028E-06  1.34878E-07  8.68042E-06  1.00180E-03  2.42871E-13
[CELL-DBG]   contrib_eq  = -2.91789E-09  4.96308E-24 -1.00388E-18  5.00247E-19  6.66450E-16  2.91788E-09  9.78044E-16 -2.91789E-09
[CELL-DBG]   contrib_kin =  4.19887E-08  0.00000E+00 -1.65205E-07  8.26023E-08 -2.07193E-07  2.07193E-07 -6.87552E-10  0.00000E+00
[CELL-DBG]   min amnt_eq =
[CELL-DBG]   aq re_mean  = -2.91789E-07
[CELL-DBG]   min re_mean =
[CELL-DBG]   aq rk_mean  =  6.87553E-08  2.06506E-05
[CELL-DBG]   min rk_mean =
[CELL-DBG]   aq rk_new   =  1.04504E-10  2.03124E-05
[CELL-DBG]   aq rk_old   =  1.37406E-07  2.09888E-05
[CELL-DBG]   min rk_new  =
[CELL-DBG]   min rk_old  =
[CELL-DBG] step=2 cell=9
[CELL-DBG]   species     =           h+          cl-         no3-    n2(aq)(p)     ch2o(aq)        hco3-       o2(aq)        co3-2
[CELL-DBG]   c_mix       =  7.39150E-07  2.78503E-09  9.83130E-06  8.57270E-08  8.79052E-06  1.00162E-03  4.25597E-13  6.46206E-08
[CELL-DBG]   c_tilde     =  7.27112E-07  2.78503E-09  9.87775E-06  6.25015E-08  8.84901E-06  1.00156E-03  4.25597E-10  6.46206E-08
[CELL-DBG]   c_new       =  7.56951E-07  2.78503E-09  9.74990E-06  1.26431E-07  8.68876E-06  1.00172E-03  1.35225E-13  6.20697E-08
[CELL-DBG]   u_mix       =  6.74529E-07  2.78503E-09  9.83130E-06  8.57270E-08  8.79052E-06  1.00168E-03  4.25597E-13
[CELL-DBG]   u_tilde     =  6.62492E-07  2.78503E-09  9.87775E-06  6.25015E-08  8.84901E-06  1.00162E-03  4.25597E-10
[CELL-DBG]   u_new       =  6.94882E-07  2.78503E-09  9.74990E-06  1.26431E-07  8.68876E-06  1.00178E-03  1.35225E-13
[CELL-DBG]   contrib_eq  = -2.55091E-09 -3.30872E-24 -8.58791E-19  4.27013E-19  5.68101E-16  2.55091E-09  8.33475E-16 -2.55091E-09
[CELL-DBG]   contrib_kin =  4.20202E-08  0.00000E+00 -1.65333E-07  8.26663E-08 -2.07353E-07  2.07353E-07 -6.87056E-10  0.00000E+00
[CELL-DBG]   min amnt_eq =
[CELL-DBG]   aq re_mean  = -2.55091E-07
[CELL-DBG]   min re_mean =
[CELL-DBG]   aq rk_mean  =  6.87056E-08  2.06666E-05
[CELL-DBG]   min rk_mean =
[CELL-DBG]   aq rk_new   =  5.82411E-11  2.03518E-05
[CELL-DBG]   aq rk_old   =  1.37353E-07  2.09813E-05
[CELL-DBG]   min rk_new  =
[CELL-DBG]   min rk_old  =
[CELL-DBG] step=2 cell=10
[CELL-DBG]   species     =           h+          cl-         no3-    n2(aq)(p)     ch2o(aq)        hco3-       o2(aq)        co3-2
[CELL-DBG]   c_mix       =  7.37295E-07  9.09315E-10  9.83509E-06  8.29060E-08  8.79432E-06  1.00161E-03  3.46534E-13  6.46445E-08
[CELL-DBG]   c_tilde     =  7.26731E-07  9.09315E-10  9.87596E-06  6.24701E-08  8.84575E-06  1.00156E-03  3.46534E-10  6.46445E-08
[CELL-DBG]   c_new       =  7.55230E-07  9.09315E-10  9.75362E-06  1.23642E-07  8.69247E-06  1.00172E-03  1.10399E-13  6.22108E-08
[CELL-DBG]   u_mix       =  6.72650E-07  9.09315E-10  9.83509E-06  8.29060E-08  8.79432E-06  1.00168E-03  3.46534E-13
[CELL-DBG]   u_tilde     =  6.62086E-07  9.09315E-10  9.87596E-06  6.24701E-08  8.84575E-06  1.00162E-03  3.46534E-10
[CELL-DBG]   u_new       =  6.93019E-07  9.09315E-10  9.75362E-06  1.23642E-07  8.69247E-06  1.00178E-03  1.10399E-13
[CELL-DBG]   contrib_eq  = -2.43376E-09  4.13590E-24 -1.74916E-18  8.74287E-19  1.16315E-15  2.43376E-09  1.70624E-15 -2.43376E-09
[CELL-DBG]   contrib_kin =  4.20348E-08  0.00000E+00 -1.65391E-07  8.26956E-08 -2.07426E-07  2.07426E-07 -6.86941E-10  0.00000E+00
[CELL-DBG]   min amnt_eq =
[CELL-DBG]   aq re_mean  = -2.43376E-07
[CELL-DBG]   min re_mean =
[CELL-DBG]   aq rk_mean  =  6.86941E-08  2.06739E-05
[CELL-DBG]   min rk_mean =
[CELL-DBG]   aq rk_new   =  4.75684E-11  2.03682E-05
[CELL-DBG]   aq rk_old   =  1.37341E-07  2.09796E-05
[CELL-DBG]   min rk_new  =
[CELL-DBG]   min rk_old  =
[CELL-DBG] step=3 cell=1
[CELL-DBG]   species     =           h+          cl-         no3-    n2(aq)(p)     ch2o(aq)        hco3-       o2(aq)        co3-2
[CELL-DBG]   c_mix       =  1.65072E-05  7.42545E-05  7.35642E-05  4.97388E-06  1.30864E-04  9.93108E-04  5.24078E-06  8.09101E-08
[CELL-DBG]   c_tilde     =  1.30727E-05  7.42545E-05  7.72533E-05  3.12937E-06  1.37988E-04  9.85985E-04  7.75296E-06  8.09101E-08
[CELL-DBG]   c_new       =  2.31373E-05  7.42545E-05  6.68848E-05  8.31358E-06  1.17476E-04  1.00658E-03  2.01684E-07  2.04049E-09
[CELL-DBG]   u_mix       =  1.64263E-05  7.42545E-05  7.35642E-05  4.97388E-06  1.30864E-04  9.93189E-04  5.24078E-06
[CELL-DBG]   u_tilde     =  1.29918E-05  7.42545E-05  7.72533E-05  3.12937E-06  1.37988E-04  9.86066E-04  7.75296E-06
[CELL-DBG]   u_new       =  2.31352E-05  7.42545E-05  6.68848E-05  8.31358E-06  1.17476E-04  1.00658E-03  2.01684E-07
[CELL-DBG]   contrib_eq  = -7.88696E-08 -4.06576E-20  4.70504E-21  7.48711E-18 -6.14530E-21  7.88696E-08 -4.40331E-21 -7.88696E-08
[CELL-DBG]   contrib_kin =  1.09621E-05  0.00000E+00 -1.12177E-05  5.60885E-06 -2.21798E-05  2.21798E-05 -8.15764E-06  0.00000E+00
[CELL-DBG]   min amnt_eq =
[CELL-DBG]   aq re_mean  = -8.13219E-06
[CELL-DBG]   min re_mean =
[CELL-DBG]   aq rk_mean  =  8.41128E-04  1.44581E-03
[CELL-DBG]   min rk_mean =
[CELL-DBG]   aq rk_new   =  1.03916E-03  1.72177E-03
[CELL-DBG]   aq rk_old   =  6.43101E-04  1.16985E-03
[CELL-DBG]   min rk_new  =
[CELL-DBG]   min rk_old  =
[CELL-DBG] step=3 cell=2
[CELL-DBG]   species     =           h+          cl-         no3-    n2(aq)(p)     ch2o(aq)        hco3-       o2(aq)        co3-2
[CELL-DBG]   c_mix       =  8.13118E-06  2.95653E-05  3.48537E-05  2.20797E-06  5.58847E-05  9.99780E-04  1.01852E-06  2.91924E-08
[CELL-DBG]   c_tilde     =  6.83764E-06  2.95653E-05  3.63248E-05  1.47242E-06  5.86493E-05  9.97015E-04  1.94429E-06  2.91924E-08
[CELL-DBG]   c_new       =  9.45321E-06  2.95653E-05  3.32383E-05  3.01569E-06  5.29230E-05  1.00277E-03  7.61325E-08  4.97531E-09
[CELL-DBG]   u_mix       =  8.10199E-06  2.95653E-05  3.48537E-05  2.20797E-06  5.58847E-05  9.99809E-04  1.01852E-06
[CELL-DBG]   u_tilde     =  6.80845E-06  2.95653E-05  3.63248E-05  1.47242E-06  5.86493E-05  9.97045E-04  1.94429E-06
[CELL-DBG]   u_new       =  9.44824E-06  2.95653E-05  3.32383E-05  3.01569E-06  5.29230E-05  1.00277E-03  7.61325E-08
[CELL-DBG]   contrib_eq  = -2.42171E-08  3.38813E-21  1.60972E-20  8.45248E-22 -3.05329E-20  2.42171E-08 -1.50803E-22 -2.42171E-08
[CELL-DBG]   contrib_kin =  2.06447E-06  0.00000E+00 -2.50736E-06  1.25368E-06 -4.57183E-06  4.57183E-06 -1.43763E-06  0.00000E+00
[CELL-DBG]   min amnt_eq =
[CELL-DBG]   aq re_mean  = -2.43982E-06
[CELL-DBG]   min re_mean =
[CELL-DBG]   aq rk_mean  =  1.44838E-04  3.15763E-04
[CELL-DBG]   min rk_mean =
[CELL-DBG]   aq rk_new   =  1.89886E-04  4.06882E-04
[CELL-DBG]   aq rk_old   =  9.97899E-05  2.24645E-04
[CELL-DBG]   min rk_new  =
[CELL-DBG]   min rk_old  =
[CELL-DBG] step=3 cell=3
[CELL-DBG]   species     =           h+          cl-         no3-    n2(aq)(p)     ch2o(aq)        hco3-       o2(aq)        co3-2
[CELL-DBG]   c_mix       =  3.59265E-06  1.07574E-05  1.88635E-05  8.93175E-07  2.56631E-05  1.00123E-03  1.99027E-07  2.68594E-08
[CELL-DBG]   c_tilde     =  3.16548E-06  1.07574E-05  1.93899E-05  6.29995E-07  2.66166E-05  1.00028E-03  4.94603E-07  2.68594E-08
[CELL-DBG]   c_new       =  3.85751E-06  1.07574E-05  1.84286E-05  1.11060E-06  2.49487E-05  1.00196E-03  2.82022E-08  1.21827E-08
[CELL-DBG]   u_mix       =  3.56579E-06  1.07574E-05  1.88635E-05  8.93175E-07  2.56631E-05  1.00126E-03  1.99027E-07
[CELL-DBG]   u_tilde     =  3.13862E-06  1.07574E-05  1.93899E-05  6.29995E-07  2.66166E-05  1.00031E-03  4.94603E-07
[CELL-DBG]   u_new       =  3.84533E-06  1.07574E-05  1.84286E-05  1.11060E-06  2.49487E-05  1.00198E-03  2.82022E-08
[CELL-DBG]   contrib_eq  = -1.46766E-08 -3.38813E-21 -3.67057E-21  2.47099E-22  8.65810E-22  1.46766E-08 -2.51715E-23 -1.46766E-08
[CELL-DBG]   contrib_kin =  4.50999E-07  0.00000E+00 -6.81956E-07  3.40978E-07 -1.13296E-06  1.13296E-06 -2.80510E-07  0.00000E+00
[CELL-DBG]   min amnt_eq =
[CELL-DBG]   aq re_mean  = -1.47035E-06
[CELL-DBG]   min re_mean =
[CELL-DBG]   aq rk_mean  =  2.81023E-05  8.54005E-05
[CELL-DBG]   min rk_mean =
[CELL-DBG]   aq rk_new   =  3.42275E-05  1.08913E-04
[CELL-DBG]   aq rk_old   =  2.19772E-05  6.18882E-05
[CELL-DBG]   min rk_new  =
[CELL-DBG]   min rk_old  =
[CELL-DBG] step=3 cell=4
[CELL-DBG]   species     =           h+          cl-         no3-    n2(aq)(p)     ch2o(aq)        hco3-       o2(aq)        co3-2
[CELL-DBG]   c_mix       =  1.75735E-06  3.67714E-06  1.28078E-05  4.16286E-07  1.43898E-05  1.00166E-03  3.94274E-08  3.90958E-08
[CELL-DBG]   c_tilde     =  1.61567E-06  3.67714E-06  1.30237E-05  3.08351E-07  1.47473E-05  1.00131E-03  1.27133E-07  3.90958E-08
[CELL-DBG]   c_new       =  1.81746E-06  3.67714E-06  1.26369E-05  5.01733E-07  1.41455E-05  1.00192E-03  8.79599E-09  2.58564E-08
[CELL-DBG]   u_mix       =  1.71825E-06  3.67714E-06  1.28078E-05  4.16286E-07  1.43898E-05  1.00170E-03  3.94274E-08
[CELL-DBG]   u_tilde     =  1.57658E-06  3.67714E-06  1.30237E-05  3.08351E-07  1.47473E-05  1.00135E-03  1.27133E-07
[CELL-DBG]   u_new       =  1.79161E-06  3.67714E-06  1.26369E-05  5.01733E-07  1.41455E-05  1.00195E-03  8.79599E-09
[CELL-DBG]   contrib_eq  = -1.32394E-08  4.78722E-17 -4.96891E-21  2.60360E-17 -1.13832E-20  1.32394E-08  2.26724E-23 -1.32394E-08
[CELL-DBG]   contrib_kin =  1.27980E-07  0.00000E+00 -2.92429E-07  1.46214E-07 -4.20409E-07  4.20409E-07 -5.48727E-08  0.00000E+00
[CELL-DBG]   min amnt_eq =
[CELL-DBG]   aq re_mean  = -1.32453E-06
[CELL-DBG]   min re_mean =
[CELL-DBG]   aq rk_mean  =  5.48974E-06  3.65700E-05
[CELL-DBG]   min rk_mean =
[CELL-DBG]   aq rk_new   =  6.12903E-06  4.27428E-05
[CELL-DBG]   aq rk_old   =  4.85045E-06  3.03973E-05
[CELL-DBG]   min rk_new  =
[CELL-DBG]   min rk_old  =
[CELL-DBG] step=3 cell=5
[CELL-DBG]   species     =           h+          cl-         no3-    n2(aq)(p)     ch2o(aq)        hco3-       o2(aq)        co3-2
[CELL-DBG]   c_mix       =  1.10283E-06  1.20094E-06  1.06735E-05  2.57729E-07  1.04508E-05  1.00180E-03  7.79489E-09  5.07866E-08
[CELL-DBG]   c_tilde     =  1.04769E-06  1.20094E-06  1.07943E-05  1.97328E-07  1.06267E-05  1.00163E-03  3.27316E-08  5.07866E-08
[CELL-DBG]   c_new       =  1.12554E-06  1.20094E-06  1.05689E-05  3.10029E-07  1.03144E-05  1.00195E-03  2.19486E-09  4.17526E-08
[CELL-DBG]   u_mix       =  1.05204E-06  1.20094E-06  1.06735E-05  2.57729E-07  1.04508E-05  1.00186E-03  7.79489E-09
[CELL-DBG]   u_tilde     =  9.96903E-07  1.20094E-06  1.07943E-05  1.97328E-07  1.06267E-05  1.00168E-03  3.27316E-08
[CELL-DBG]   u_new       =  1.08379E-06  1.20094E-06  1.05689E-05  3.10029E-07  1.03144E-05  1.00199E-03  2.19486E-09
[CELL-DBG]   contrib_eq  = -9.03393E-09  5.94313E-15  2.97100E-19  5.66725E-15  6.25335E-18  9.03393E-09 -1.63555E-21 -9.03393E-09
[CELL-DBG]   contrib_kin =  6.01244E-08  0.00000E+00 -1.96248E-07  9.81241E-08 -2.56373E-07  2.56373E-07 -1.10624E-08  0.00000E+00
[CELL-DBG]   min amnt_eq =
[CELL-DBG]   aq re_mean  = -9.03493E-07
[CELL-DBG]   min re_mean =
[CELL-DBG]   aq rk_mean  =  1.10636E-06  2.45337E-05
[CELL-DBG]   min rk_mean =
[CELL-DBG]   aq rk_new   =  1.12013E-06  2.61529E-05
[CELL-DBG]   aq rk_old   =  1.09259E-06  2.29145E-05
[CELL-DBG]   min rk_new  =
[CELL-DBG]   min rk_old  =
[CELL-DBG] step=3 cell=6
[CELL-DBG]   species     =           h+          cl-         no3-    n2(aq)(p)     ch2o(aq)        hco3-       o2(aq)        co3-2
[CELL-DBG]   c_mix       =  8.84750E-07  3.78879E-07  9.96130E-06  2.06895E-07  9.14283E-06  1.00185E-03  1.55403E-09  5.72400E-08
[CELL-DBG]   c_tilde     =  8.54836E-07  3.78879E-07  1.00537E-05  1.60682E-07  9.26517E-06  1.00173E-03  8.36122E-09  5.72400E-08
[CELL-DBG]   c_new       =  9.02107E-07  3.78879E-07  9.87559E-06  2.49751E-07  9.03461E-06  1.00196E-03  4.79896E-10  5.20947E-08
[CELL-DBG]   u_mix       =  8.27510E-07  3.78879E-07  9.96130E-06  2.06895E-07  9.14283E-06  1.00191E-03  1.55403E-09
[CELL-DBG]   u_tilde     =  7.97596E-07  3.78879E-07  1.00537E-05  1.60682E-07  9.26517E-06  1.00178E-03  8.36122E-09
[CELL-DBG]   u_new       =  8.50012E-07  3.78879E-07  9.87559E-06  2.49751E-07  9.03461E-06  1.00201E-03  4.79896E-10
[CELL-DBG]   contrib_eq  = -5.14537E-09  2.14766E-16 -4.67122E-21  2.42844E-15  1.22832E-20  5.14537E-09  1.12818E-22 -5.14537E-09
[CELL-DBG]   contrib_kin =  4.45415E-08  0.00000E+00 -1.69372E-07  8.46859E-08 -2.13913E-07  2.13913E-07 -2.19857E-09  0.00000E+00
[CELL-DBG]   min amnt_eq =
[CELL-DBG]   aq re_mean  = -5.14551E-07
[CELL-DBG]   min re_mean =
[CELL-DBG]   aq rk_mean  =  2.19863E-07  2.11720E-05
[CELL-DBG]   min rk_mean =
[CELL-DBG]   aq rk_new   =  2.14832E-07  2.14286E-05
[CELL-DBG]   aq rk_old   =  2.24894E-07  2.09155E-05
[CELL-DBG]   min rk_new  =
[CELL-DBG]   min rk_old  =
[CELL-DBG] step=3 cell=7
[CELL-DBG]   species     =           h+          cl-         no3-    n2(aq)(p)     ch2o(aq)        hco3-       o2(aq)        co3-2
[CELL-DBG]   c_mix       =  8.14510E-07  1.16340E-07  9.73594E-06  1.89621E-07  8.72851E-06  1.00186E-03  3.56548E-10  6.00229E-08
[CELL-DBG]   c_tilde     =  7.91754E-07  1.16340E-07  9.82006E-06  1.47558E-07  8.83539E-06  1.00175E-03  2.08039E-09  6.00229E-08
[CELL-DBG]   c_new       =  8.31279E-07  1.16340E-07  9.65587E-06  2.29653E-07  8.62819E-06  1.00196E-03  1.13603E-10  5.65333E-08
[CELL-DBG]   u_mix       =  7.54487E-07  1.16340E-07  9.73594E-06  1.89621E-07  8.72851E-06  1.00192E-03  3.56548E-10
[CELL-DBG]   u_tilde     =  7.31732E-07  1.16340E-07  9.82006E-06  1.47558E-07  8.83539E-06  1.00181E-03  2.08039E-09
[CELL-DBG]   u_new       =  7.74746E-07  1.16340E-07  9.65587E-06  2.29653E-07  8.62819E-06  1.00202E-03  1.13603E-10
[CELL-DBG]   contrib_eq  = -3.48955E-09  1.39746E-18 -3.78388E-21  1.32823E-15  4.49300E-20  3.48955E-09  6.15448E-20 -3.48955E-09
[CELL-DBG]   contrib_kin =  4.07041E-08  0.00000E+00 -1.61515E-07  8.07575E-08 -2.02219E-07  2.02219E-07 -3.25384E-10  0.00000E+00
[CELL-DBG]   min amnt_eq =
[CELL-DBG]   aq re_mean  = -3.48958E-07
[CELL-DBG]   min re_mean =
[CELL-DBG]   aq rk_mean  =  3.25386E-08  2.01895E-05
[CELL-DBG]   min rk_mean =
[CELL-DBG]   aq rk_new   =  4.85894E-08  2.00161E-05
[CELL-DBG]   aq rk_old   =  1.64879E-08  2.03628E-05
[CELL-DBG]   min rk_new  =
[CELL-DBG]   min rk_old  =
[CELL-DBG] step=3 cell=8
[CELL-DBG]   species     =           h+          cl-         no3-    n2(aq)(p)     ch2o(aq)        hco3-       o2(aq)        co3-2
[CELL-DBG]   c_mix       =  7.89669E-07  3.49939E-08  9.67968E-06  1.77482E-07  8.61720E-06  1.00184E-03  8.76189E-11  6.13038E-08
[CELL-DBG]   c_tilde     =  7.68748E-07  3.49939E-08  9.76167E-06  1.36489E-07  8.72011E-06  1.00174E-03  5.12507E-10  6.13038E-08
[CELL-DBG]   c_new       =  8.06357E-07  3.49939E-08  9.60107E-06  2.16786E-07  8.51888E-06  1.00195E-03  2.81577E-11  5.82796E-08
[CELL-DBG]   u_mix       =  7.28366E-07  3.49939E-08  9.67968E-06  1.77482E-07  8.61720E-06  1.00191E-03  8.76189E-11
[CELL-DBG]   u_tilde     =  7.07444E-07  3.49939E-08  9.76167E-06  1.36489E-07  8.72011E-06  1.00180E-03  5.12507E-10
[CELL-DBG]   u_new       =  7.48077E-07  3.49939E-08  9.60107E-06  2.16786E-07  8.51888E-06  1.00200E-03  2.81577E-11
[CELL-DBG]   contrib_eq  = -3.02419E-09  7.28581E-21 -2.64464E-21  2.10591E-22 -1.32822E-21  3.02419E-09 -1.52220E-25 -3.02419E-09
[CELL-DBG]   contrib_kin =  4.00245E-08  0.00000E+00 -1.59858E-07  7.99291E-08 -1.99883E-07  1.99883E-07 -5.99837E-11  0.00000E+00
[CELL-DBG]   min amnt_eq =
[CELL-DBG]   aq re_mean  = -3.02419E-07
[CELL-DBG]   min re_mean =
[CELL-DBG]   aq rk_mean  =  5.99838E-09  1.99823E-05
[CELL-DBG]   min rk_mean =
[CELL-DBG]   aq rk_new   =  1.18923E-08  1.96522E-05
[CELL-DBG]   aq rk_old   =  1.04504E-10  2.03124E-05
[CELL-DBG]   min rk_new  =
[CELL-DBG]   min rk_old  =
[CELL-DBG] step=3 cell=9
[CELL-DBG]   species     =           h+          cl-         no3-    n2(aq)(p)     ch2o(aq)        hco3-       o2(aq)        co3-2
[CELL-DBG]   c_mix       =  7.80111E-07  1.05035E-08  9.67185E-06  1.69273E-07  8.59510E-06  1.00183E-03  2.16934E-11  6.19014E-08
[CELL-DBG]   c_tilde     =  7.59614E-07  1.05035E-08  9.75342E-06  1.28492E-07  8.69715E-06  1.00173E-03  1.27647E-10  6.19014E-08
[CELL-DBG]   c_new       =  7.96789E-07  1.05035E-08  9.59351E-06  2.08446E-07  8.49715E-06  1.00193E-03  6.98347E-12  5.89785E-08
[CELL-DBG]   u_mix       =  7.18209E-07  1.05035E-08  9.67185E-06  1.69273E-07  8.59510E-06  1.00189E-03  2.16934E-11
[CELL-DBG]   u_tilde     =  6.97713E-07  1.05035E-08  9.75342E-06  1.28492E-07  8.69715E-06  1.00179E-03  1.27647E-10
[CELL-DBG]   u_new       =  7.37811E-07  1.05035E-08  9.59351E-06  2.08446E-07  8.49715E-06  1.00199E-03  6.98347E-12
[CELL-DBG]   contrib_eq  = -2.92298E-09 -4.96308E-24 -2.44141E-21  3.10006E-21  4.24691E-18  2.92298E-09  6.26743E-18 -2.92298E-09
[CELL-DBG]   contrib_kin =  3.99538E-08  0.00000E+00 -1.59755E-07  7.98776E-08 -1.99709E-07  1.99709E-07 -1.50011E-11  0.00000E+00
[CELL-DBG]   min amnt_eq =
[CELL-DBG]   aq re_mean  = -2.92298E-07
[CELL-DBG]   min re_mean =
[CELL-DBG]   aq rk_mean  =  1.50011E-09  1.99694E-05
[CELL-DBG]   min rk_mean =
[CELL-DBG]   aq rk_new   =  2.94198E-09  1.95869E-05
[CELL-DBG]   aq rk_old   =  5.82411E-11  2.03518E-05
[CELL-DBG]   min rk_new  =
[CELL-DBG]   min rk_old  =
[CELL-DBG] step=3 cell=10
[CELL-DBG]   species     =           h+          cl-         no3-    n2(aq)(p)     ch2o(aq)        hco3-       o2(aq)        co3-2
[CELL-DBG]   c_mix       =  7.76933E-07  3.74704E-09  9.67206E-06  1.65826E-07  8.59195E-06  1.00182E-03  6.32660E-12  6.21193E-08
[CELL-DBG]   c_tilde     =  7.56526E-07  3.74704E-09  9.75356E-06  1.25077E-07  8.69386E-06  1.00172E-03  3.78325E-11  6.21193E-08
[CELL-DBG]   c_new       =  7.93612E-07  3.74704E-09  9.59374E-06  2.04987E-07  8.49405E-06  1.00192E-03  2.03970E-12  5.92141E-08
[CELL-DBG]   u_mix       =  7.14814E-07  3.74704E-09  9.67206E-06  1.65826E-07  8.59195E-06  1.00188E-03  6.32660E-12
[CELL-DBG]   u_tilde     =  6.94407E-07  3.74704E-09  9.75356E-06  1.25077E-07  8.69386E-06  1.00178E-03  3.78325E-11
[CELL-DBG]   u_new       =  7.34398E-07  3.74704E-09  9.59374E-06  2.04987E-07  8.49405E-06  1.00198E-03  2.03970E-12
[CELL-DBG]   contrib_eq  = -2.90515E-09  6.61744E-24 -7.96153E-18  3.97778E-18  5.37957E-15  2.90514E-09  7.94909E-15 -2.90514E-09
[CELL-DBG]   contrib_kin =  3.99531E-08  0.00000E+00 -1.59794E-07  7.98971E-08 -1.99747E-07  1.99747E-07 -4.53269E-12  0.00000E+00
[CELL-DBG]   min amnt_eq =
[CELL-DBG]   aq re_mean  = -2.90514E-07
[CELL-DBG]   min re_mean =
[CELL-DBG]   aq rk_mean  =  4.53269E-10  1.99743E-05
[CELL-DBG]   min rk_mean =
[CELL-DBG]   aq rk_new   =  8.58969E-10  1.95803E-05
[CELL-DBG]   aq rk_old   =  4.75684E-11  2.03682E-05
[CELL-DBG]   min rk_new  =
[CELL-DBG]   min rk_old  =
[CELL-DBG] step=4 cell=1
[CELL-DBG]   species     =           h+          cl-         no3-    n2(aq)(p)     ch2o(aq)        hco3-       o2(aq)        co3-2
[CELL-DBG]   c_mix       =  2.46457E-05  9.15324E-05  8.14938E-05  9.56168E-06  1.47895E-04  1.00251E-03  3.71058E-06  7.91876E-08
[CELL-DBG]   c_tilde     =  1.91918E-05  9.15324E-05  8.69769E-05  6.82009E-06  1.58832E-04  9.91572E-04  7.79362E-06  7.91876E-08
[CELL-DBG]   c_new       =  3.02184E-05  9.15324E-05  7.32277E-05  1.36947E-05  1.33978E-04  1.01650E-03  1.26692E-07  1.57774E-09
[CELL-DBG]   u_mix       =  2.45665E-05  9.15324E-05  8.14938E-05  9.56168E-06  1.47895E-04  1.00259E-03  3.71058E-06
[CELL-DBG]   u_tilde     =  1.91126E-05  9.15324E-05  8.69769E-05  6.82009E-06  1.58832E-04  9.91651E-04  7.79362E-06
[CELL-DBG]   u_new       =  3.02169E-05  9.15324E-05  7.32277E-05  1.36947E-05  1.33978E-04  1.01650E-03  1.26692E-07
[CELL-DBG]   contrib_eq  = -7.76098E-08  9.48677E-20  3.20475E-21 -1.60237E-21  3.39411E-21  7.76098E-08  2.73799E-21 -7.76098E-08
[CELL-DBG]   contrib_kin =  1.23593E-05  0.00000E+00 -1.49454E-05  7.47271E-06 -2.73048E-05  2.73048E-05 -8.62299E-06  0.00000E+00
[CELL-DBG]   min amnt_eq =
[CELL-DBG]   aq re_mean  = -8.00229E-06
[CELL-DBG]   min re_mean =
[CELL-DBG]   aq rk_mean  =  8.89110E-04  1.92626E-03
[CELL-DBG]   min rk_mean =
[CELL-DBG]   aq rk_new   =  7.39065E-04  2.13076E-03
[CELL-DBG]   aq rk_old   =  1.03916E-03  1.72177E-03
[CELL-DBG]   min rk_new  =
[CELL-DBG]   min rk_old  =
[CELL-DBG] step=4 cell=2
[CELL-DBG]   species     =           h+          cl-         no3-    n2(aq)(p)     ch2o(aq)        hco3-       o2(aq)        co3-2
[CELL-DBG]   c_mix       =  1.30043E-05  4.13725E-05  4.13773E-05  4.79070E-06  6.93129E-05  1.00442E-03  3.82188E-07  2.51152E-08
[CELL-DBG]   c_tilde     =  1.08283E-05  4.13725E-05  4.37433E-05  3.60774E-06  7.38549E-05  9.99875E-04  1.96674E-06  2.51152E-08
[CELL-DBG]   c_new       =  1.39283E-05  4.13725E-05  3.90295E-05  5.96460E-06  6.60194E-05  1.00773E-03  2.34013E-08  3.39349E-09
[CELL-DBG]   u_mix       =  1.29792E-05  4.13725E-05  4.13773E-05  4.79070E-06  6.93129E-05  1.00444E-03  3.82188E-07
[CELL-DBG]   u_tilde     =  1.08031E-05  4.13725E-05  4.37433E-05  3.60774E-06  7.38549E-05  9.99900E-04  1.96674E-06
[CELL-DBG]   u_new       =  1.39249E-05  4.13725E-05  3.90295E-05  5.96460E-06  6.60194E-05  1.00774E-03  2.34013E-08
[CELL-DBG]   contrib_eq  = -2.17217E-08  0.00000E+00 -6.32162E-21  2.88611E-19  2.79667E-19  2.17217E-08  3.10647E-19 -2.17217E-08
[CELL-DBG]   contrib_kin =  2.29198E-06  0.00000E+00 -3.96325E-06  1.98162E-06 -6.25523E-06  6.25523E-06 -1.30117E-06  0.00000E+00
[CELL-DBG]   min amnt_eq =
[CELL-DBG]   aq re_mean  = -2.18841E-06
[CELL-DBG]   min re_mean =
[CELL-DBG]   aq rk_mean  =  1.31090E-04  4.99110E-04
[CELL-DBG]   min rk_mean =
[CELL-DBG]   aq rk_new   =  7.22939E-05  5.91339E-04
[CELL-DBG]   aq rk_old   =  1.89886E-04  4.06882E-04
[CELL-DBG]   min rk_new  =
[CELL-DBG]   min rk_old  =
[CELL-DBG] step=4 cell=3
[CELL-DBG]   species     =           h+          cl-         no3-    n2(aq)(p)     ch2o(aq)        hco3-       o2(aq)        co3-2
[CELL-DBG]   c_mix       =  5.91318E-06  1.70039E-05  2.27397E-05  2.04710E-06  3.34433E-05  1.00302E-03  7.35001E-09  1.83505E-08
[CELL-DBG]   c_tilde     =  5.20282E-06  1.70039E-05  2.36033E-05  1.61528E-06  3.50173E-05  1.00144E-03  5.01799E-07  1.83505E-08
[CELL-DBG]   c_new       =  6.07829E-06  1.70039E-05  2.20629E-05  2.38549E-06  3.25908E-05  1.00388E-03  8.28126E-10  7.74641E-09
[CELL-DBG]   u_mix       =  5.89483E-06  1.70039E-05  2.27397E-05  2.04710E-06  3.34433E-05  1.00304E-03  7.35001E-09
[CELL-DBG]   u_tilde     =  5.18447E-06  1.70039E-05  2.36033E-05  1.61528E-06  3.50173E-05  1.00146E-03  5.01799E-07
[CELL-DBG]   u_new       =  6.07054E-06  1.70039E-05  2.20629E-05  2.38549E-06  3.25908E-05  1.00389E-03  8.28126E-10
[CELL-DBG]   contrib_eq  = -1.06041E-08 -1.69407E-20 -1.95593E-19  8.63615E-20  5.08178E-17  1.06041E-08  5.74821E-17 -1.06041E-08
[CELL-DBG]   contrib_kin =  4.55254E-07  0.00000E+00 -1.11163E-06  5.55815E-07 -1.56688E-06  1.56688E-06 -1.77347E-07  0.00000E+00
[CELL-DBG]   min amnt_eq =
[CELL-DBG]   aq re_mean  = -1.06235E-06
[CELL-DBG]   min re_mean =
[CELL-DBG]   aq rk_mean  =  1.77671E-05  1.39208E-04
[CELL-DBG]   min rk_mean =
[CELL-DBG]   aq rk_new   =  1.30676E-06  1.69503E-04
[CELL-DBG]   aq rk_old   =  3.42275E-05  1.08913E-04
[CELL-DBG]   min rk_new  =
[CELL-DBG]   min rk_old  =
[CELL-DBG] step=4 cell=4
[CELL-DBG]   species     =           h+          cl-         no3-    n2(aq)(p)     ch2o(aq)        hco3-       o2(aq)        co3-2
[CELL-DBG]   c_mix       =  2.72995E-06  6.50837E-06  1.46586E-05  8.92352E-07  1.80811E-05  1.00232E-03  1.28959E-10  2.71047E-08
[CELL-DBG]   c_tilde     =  2.52552E-06  6.50837E-06  1.49610E-05  7.41169E-07  1.85879E-05  1.00181E-03  1.28959E-07  2.71047E-08
[CELL-DBG]   c_new       =  2.78094E-06  6.50837E-06  1.44142E-05  1.01452E-06  1.77756E-05  1.00263E-03  2.40402E-11  1.69102E-08
[CELL-DBG]   u_mix       =  2.70284E-06  6.50837E-06  1.46586E-05  8.92352E-07  1.80811E-05  1.00234E-03  1.28959E-10
[CELL-DBG]   u_tilde     =  2.49842E-06  6.50837E-06  1.49610E-05  7.41169E-07  1.85879E-05  1.00184E-03  1.28959E-07
[CELL-DBG]   u_new       =  2.76403E-06  6.50837E-06  1.44142E-05  1.01452E-06  1.77756E-05  1.00265E-03  2.40402E-11
[CELL-DBG]   contrib_eq  = -1.01945E-08 -1.69407E-21 -3.21145E-19  1.55914E-19  1.40514E-16  1.01945E-08  1.73186E-16 -1.01945E-08
[CELL-DBG]   contrib_kin =  1.34544E-07  0.00000E+00 -4.15233E-07  2.07616E-07 -5.49777E-07  5.49777E-07 -3.07363E-08  0.00000E+00
[CELL-DBG]   min amnt_eq =
[CELL-DBG]   aq re_mean  = -1.01991E-06
[CELL-DBG]   min re_mean =
[CELL-DBG]   aq rk_mean  =  3.07501E-06  5.19274E-05
[CELL-DBG]   min rk_mean =
[CELL-DBG]   aq rk_new   =  2.09933E-08  6.11121E-05
[CELL-DBG]   aq rk_old   =  6.12903E-06  4.27428E-05
[CELL-DBG]   min rk_new  =
[CELL-DBG]   min rk_old  =
[CELL-DBG] step=4 cell=5
[CELL-DBG]   species     =           h+          cl-         no3-    n2(aq)(p)     ch2o(aq)        hco3-       o2(aq)        co3-2
[CELL-DBG]   c_mix       =  1.49685E-06  2.35867E-06  1.13885E-05  4.73277E-07  1.19163E-05  1.00212E-03  3.30920E-11  4.00655E-08
[CELL-DBG]   c_tilde     =  1.42973E-06  2.35867E-06  1.15248E-05  4.05148E-07  1.21197E-05  1.00192E-03  3.30920E-08  4.00655E-08
[CELL-DBG]   c_new       =  1.51948E-06  2.35867E-06  1.12616E-05  5.36736E-07  1.17577E-05  1.00229E-03  8.47440E-12  3.09385E-08
[CELL-DBG]   u_mix       =  1.45678E-06  2.35867E-06  1.13885E-05  4.73277E-07  1.19163E-05  1.00216E-03  3.30920E-11
[CELL-DBG]   u_tilde     =  1.38966E-06  2.35867E-06  1.15248E-05  4.05148E-07  1.21197E-05  1.00196E-03  3.30920E-08
[CELL-DBG]   u_new       =  1.48854E-06  2.35867E-06  1.12616E-05  5.36736E-07  1.17577E-05  1.00232E-03  8.47440E-12
[CELL-DBG]   contrib_eq  = -9.12700E-09 -4.23516E-22 -3.03754E-21  1.94229E-21  1.90438E-18  9.12700E-09  2.55295E-18 -9.12700E-09
[CELL-DBG]   contrib_kin =  6.35042E-08  0.00000E+00 -2.31518E-07  1.15759E-07 -2.95022E-07  2.95022E-07 -5.62465E-09  0.00000E+00
[CELL-DBG]   min amnt_eq =
[CELL-DBG]   aq re_mean  = -9.12801E-07
[CELL-DBG]   min re_mean =
[CELL-DBG]   aq rk_mean  =  5.62527E-07  2.89430E-05
[CELL-DBG]   min rk_mean =
[CELL-DBG]   aq rk_new   =  4.92406E-09  3.17330E-05
[CELL-DBG]   aq rk_old   =  1.12013E-06  2.61529E-05
[CELL-DBG]   min rk_new  =
[CELL-DBG]   min rk_old  =
[CELL-DBG] step=4 cell=6
[CELL-DBG]   species     =           h+          cl-         no3-    n2(aq)(p)     ch2o(aq)        hco3-       o2(aq)        co3-2
[CELL-DBG]   c_mix       =  1.04900E-06  8.18820E-07  1.01565E-05  3.27084E-07  9.60545E-06  1.00207E-03  8.44157E-12  4.99506E-08
[CELL-DBG]   c_tilde     =  1.01906E-06  8.18820E-07  1.02425E-05  2.84067E-07  9.72143E-06  1.00195E-03  8.44157E-09  4.99506E-08
[CELL-DBG]   c_new       =  1.06608E-06  8.18820E-07  1.00647E-05  3.72951E-07  9.49078E-06  1.00219E-03  2.51983E-12  4.40919E-08
[CELL-DBG]   u_mix       =  9.99049E-07  8.18820E-07  1.01565E-05  3.27084E-07  9.60545E-06  1.00212E-03  8.44157E-12
[CELL-DBG]   u_tilde     =  9.69108E-07  8.18820E-07  1.02425E-05  2.84067E-07  9.72143E-06  1.00200E-03  8.44157E-09
[CELL-DBG]   u_new       =  1.02199E-06  8.18820E-07  1.00647E-05  3.72951E-07  9.49078E-06  1.00223E-03  2.51983E-12
[CELL-DBG]   contrib_eq  = -5.85877E-09 -1.05879E-22 -7.19093E-19  3.61135E-19  4.65860E-16  5.85877E-09  6.65346E-16 -5.85877E-09
[CELL-DBG]   contrib_kin =  4.54415E-08  0.00000E+00 -1.77446E-07  8.87228E-08 -2.22887E-07  2.22887E-07 -1.08005E-09  0.00000E+00
[CELL-DBG]   min amnt_eq =
[CELL-DBG]   aq re_mean  = -5.85893E-07
[CELL-DBG]   min re_mean =
[CELL-DBG]   aq rk_mean  =  1.08008E-07  2.21813E-05
[CELL-DBG]   min rk_mean =
[CELL-DBG]   aq rk_new   =  1.18451E-09  2.29340E-05
[CELL-DBG]   aq rk_old   =  2.14832E-07  2.14286E-05
[CELL-DBG]   min rk_new  =
[CELL-DBG]   min rk_old  =
[CELL-DBG] step=4 cell=7
[CELL-DBG]   species     =           h+          cl-         no3-    n2(aq)(p)     ch2o(aq)        hco3-       o2(aq)        co3-2
[CELL-DBG]   c_mix       =  8.92568E-07  2.74622E-07  9.72082E-06  2.75526E-07  8.78849E-06  1.00205E-03  2.14819E-12  5.52341E-08
[CELL-DBG]   c_tilde     =  8.72932E-07  2.74622E-07  9.79078E-06  2.40548E-07  8.87809E-06  1.00196E-03  2.14819E-09  5.52341E-08
[CELL-DBG]   c_new       =  9.09157E-07  2.74622E-07  9.64034E-06  3.15769E-07  8.68789E-06  1.00215E-03  6.81289E-13  5.17004E-08
[CELL-DBG]   u_mix       =  8.37333E-07  2.74622E-07  9.72082E-06  2.75526E-07  8.78849E-06  1.00210E-03  2.14819E-12
[CELL-DBG]   u_tilde     =  8.17698E-07  2.74622E-07  9.79078E-06  2.40548E-07  8.87809E-06  1.00201E-03  2.14819E-09
[CELL-DBG]   u_new       =  8.57456E-07  2.74622E-07  9.64034E-06  3.15769E-07  8.68789E-06  1.00220E-03  6.81289E-13
[CELL-DBG]   contrib_eq  = -3.53376E-09 -1.58819E-22 -8.02845E-20  4.04069E-20  5.39882E-17  3.53376E-09  7.92071E-17 -3.53376E-09
[CELL-DBG]   contrib_kin =  4.03818E-08  0.00000E+00 -1.60550E-07  8.02748E-08 -2.00931E-07  2.00931E-07 -2.44412E-10  0.00000E+00
[CELL-DBG]   min amnt_eq =
[CELL-DBG]   aq re_mean  = -3.53378E-07
[CELL-DBG]   min re_mean =
[CELL-DBG]   aq rk_mean  =  2.44414E-08  2.00688E-05
[CELL-DBG]   min rk_mean =
[CELL-DBG]   aq rk_new   =  2.93399E-10  2.01215E-05
[CELL-DBG]   aq rk_old   =  4.85894E-08  2.00161E-05
[CELL-DBG]   min rk_new  =
[CELL-DBG]   min rk_old  =
[CELL-DBG] step=4 cell=8
[CELL-DBG]   species     =           h+          cl-         no3-    n2(aq)(p)     ch2o(aq)        hco3-       o2(aq)        co3-2
[CELL-DBG]   c_mix       =  8.37660E-07  8.96701E-08  9.58223E-06  2.53271E-07  8.52267E-06  1.00203E-03  5.46546E-13  5.76549E-08
[CELL-DBG]   c_tilde     =  8.21039E-07  8.96701E-08  9.64653E-06  2.21120E-07  8.60360E-06  1.00194E-03  5.46546E-10  5.76549E-08
[CELL-DBG]   c_new       =  8.54273E-07  8.96701E-08  9.50525E-06  2.91764E-07  8.42644E-06  1.00212E-03  1.78269E-13  5.50206E-08
[CELL-DBG]   u_mix       =  7.80006E-07  8.96701E-08  9.58223E-06  2.53271E-07  8.52267E-06  1.00208E-03  5.46546E-13
[CELL-DBG]   u_tilde     =  7.63384E-07  8.96701E-08  9.64653E-06  2.21120E-07  8.60360E-06  1.00200E-03  5.46546E-10
[CELL-DBG]   u_new       =  7.99252E-07  8.96701E-08  9.50525E-06  2.91764E-07  8.42644E-06  1.00218E-03  1.78269E-13
[CELL-DBG]   contrib_eq  = -2.63433E-09  2.64698E-23 -4.08300E-18  2.04145E-18  2.78701E-15  2.63432E-09  4.12869E-15 -2.63433E-09
[CELL-DBG]   contrib_kin =  3.89585E-08  0.00000E+00 -1.55595E-07  7.77973E-08 -1.94553E-07  1.94553E-07 -5.98336E-11  0.00000E+00
[CELL-DBG]   min amnt_eq =
[CELL-DBG]   aq re_mean  = -2.63433E-07
[CELL-DBG]   min re_mean =
[CELL-DBG]   aq rk_mean  =  5.98337E-09  1.94494E-05
[CELL-DBG]   min rk_mean =
[CELL-DBG]   aq rk_new   =  7.44812E-11  1.92465E-05
[CELL-DBG]   aq rk_old   =  1.18923E-08  1.96522E-05
[CELL-DBG]   min rk_new  =
[CELL-DBG]   min rk_old  =
[CELL-DBG] step=4 cell=9
[CELL-DBG]   species     =           h+          cl-         no3-    n2(aq)(p)     ch2o(aq)        hco3-       o2(aq)        co3-2
[CELL-DBG]   c_mix       =  8.17918E-07  2.91346E-08  9.54491E-06  2.41966E-07  8.44572E-06  1.00201E-03  1.40482E-13  5.86864E-08
[CELL-DBG]   c_tilde     =  8.02321E-07  2.91346E-08  9.60674E-06  2.11052E-07  8.52315E-06  1.00193E-03  1.40482E-10  5.86864E-08
[CELL-DBG]   c_new       =  8.34553E-07  2.91346E-08  9.46890E-06  2.79969E-07  8.35071E-06  1.00211E-03  4.60520E-14  5.63197E-08
[CELL-DBG]   u_mix       =  7.59231E-07  2.91346E-08  9.54491E-06  2.41966E-07  8.44572E-06  1.00207E-03  1.40482E-13
[CELL-DBG]   u_tilde     =  7.43634E-07  2.91346E-08  9.60674E-06  2.11052E-07  8.52315E-06  1.00199E-03  1.40482E-10
[CELL-DBG]   u_new       =  7.78233E-07  2.91346E-08  9.46890E-06  2.79969E-07  8.35071E-06  1.00216E-03  4.60520E-14
[CELL-DBG]   contrib_eq  = -2.36678E-09  0.00000E+00 -9.00180E-19  4.49614E-19  6.16003E-16  2.36677E-09  9.15201E-16 -2.36678E-09
[CELL-DBG]   contrib_kin =  3.86035E-08  0.00000E+00 -1.54355E-07  7.71774E-08 -1.92958E-07  1.92958E-07 -1.48052E-11  0.00000E+00
[CELL-DBG]   min amnt_eq =
[CELL-DBG]   aq re_mean  = -2.36678E-07
[CELL-DBG]   min re_mean =
[CELL-DBG]   aq rk_mean  =  1.48052E-09  1.92944E-05
[CELL-DBG]   min rk_mean =
[CELL-DBG]   aq rk_new   =  1.90691E-11  1.90018E-05
[CELL-DBG]   aq rk_old   =  2.94198E-09  1.95869E-05
[CELL-DBG]   min rk_new  =
[CELL-DBG]   min rk_old  =
[CELL-DBG] step=4 cell=10
[CELL-DBG]   species     =           h+          cl-         no3-    n2(aq)(p)     ch2o(aq)        hco3-       o2(aq)        co3-2
[CELL-DBG]   c_mix       =  8.11292E-07  1.12560E-08  9.53734E-06  2.36903E-07  8.42731E-06  1.00200E-03  4.29875E-14  5.90580E-08
[CELL-DBG]   c_tilde     =  7.96188E-07  1.12560E-08  9.59758E-06  2.06781E-07  8.50265E-06  1.00192E-03  4.29875E-11  5.90580E-08
[CELL-DBG]   c_new       =  8.27949E-07  1.12560E-08  9.46155E-06  2.74795E-07  8.33258E-06  1.00210E-03  1.55804E-14  5.67684E-08
[CELL-DBG]   u_mix       =  7.52234E-07  1.12560E-08  9.53734E-06  2.36903E-07  8.42731E-06  1.00206E-03  4.29875E-14
[CELL-DBG]   u_tilde     =  7.37130E-07  1.12560E-08  9.59758E-06  2.06781E-07  8.50265E-06  1.00198E-03  4.29875E-11
[CELL-DBG]   u_new       =  7.71180E-07  1.12560E-08  9.46155E-06  2.74795E-07  8.33258E-06  1.00215E-03  1.55804E-14
[CELL-DBG]   contrib_eq  = -2.28969E-09  9.90962E-22 -4.68248E-18  2.34505E-18  3.21577E-15  2.28968E-09  4.78104E-15 -2.28968E-09
[CELL-DBG]   contrib_kin =  3.85307E-08  0.00000E+00 -1.54105E-07  7.70527E-08 -1.92636E-07  1.92636E-07 -4.32703E-12  0.00000E+00
[CELL-DBG]   min amnt_eq =
[CELL-DBG]   aq re_mean  = -2.28969E-07
[CELL-DBG]   min re_mean =
[CELL-DBG]   aq rk_mean  =  4.32703E-10  1.92632E-05
[CELL-DBG]   min rk_mean =
[CELL-DBG]   aq rk_new   =  6.43762E-12  1.89460E-05
[CELL-DBG]   aq rk_old   =  8.58969E-10  1.95803E-05
[CELL-DBG]   min rk_new  =
[CELL-DBG]   min rk_old  =
[CELL-DBG] step=5 cell=1
[CELL-DBG]   species     =           h+          cl-         no3-    n2(aq)(p)     ch2o(aq)        hco3-       o2(aq)        co3-2
[CELL-DBG]   c_mix       =  2.99325E-05  1.06799E-04  8.60329E-05  1.48493E-05  1.62380E-04  1.01138E-03  4.88038E-06  7.83090E-08
[CELL-DBG]   c_tilde     =  2.53733E-05  1.06799E-04  9.28830E-05  1.14242E-05  1.73790E-04  9.99968E-04  7.72713E-06  7.83090E-08
[CELL-DBG]   c_new       =  3.69163E-05  1.06799E-04  7.66900E-05  1.95207E-05  1.45977E-04  1.02786E-03  1.55363E-07  1.30592E-09
[CELL-DBG]   u_mix       =  2.98542E-05  1.06799E-04  8.60329E-05  1.48493E-05  1.62380E-04  1.01146E-03  4.88038E-06
[CELL-DBG]   u_tilde     =  2.52950E-05  1.06799E-04  9.28830E-05  1.14242E-05  1.73790E-04  1.00005E-03  7.72713E-06
[CELL-DBG]   u_new       =  3.69150E-05  1.06799E-04  7.66900E-05  1.95207E-05  1.45977E-04  1.02786E-03  1.55363E-07
[CELL-DBG]   contrib_eq  = -7.70031E-08  3.79471E-19 -5.78693E-20  1.35402E-16  2.96054E-19  7.70031E-08  1.79903E-18 -7.70031E-08
[CELL-DBG]   contrib_kin =  1.27111E-05  0.00000E+00 -1.76089E-05  8.80445E-06 -3.03200E-05  3.03200E-05 -8.30891E-06  0.00000E+00
[CELL-DBG]   min amnt_eq =
[CELL-DBG]   aq re_mean  = -7.93973E-06
[CELL-DBG]   min re_mean =
[CELL-DBG]   aq rk_mean  =  8.56725E-04  2.26955E-03
[CELL-DBG]   min rk_mean =
[CELL-DBG]   aq rk_new   =  9.74386E-04  2.40835E-03
[CELL-DBG]   aq rk_old   =  7.39065E-04  2.13076E-03
[CELL-DBG]   min rk_new  =
[CELL-DBG]   min rk_old  =
[CELL-DBG] step=5 cell=2
[CELL-DBG]   species     =           h+          cl-         no3-    n2(aq)(p)     ch2o(aq)        hco3-       o2(aq)        co3-2
[CELL-DBG]   c_mix       =  1.69981E-05  5.29546E-05  4.59525E-05  8.23625E-06  8.14496E-05  1.01000E-03  1.00231E-06  2.30498E-08
[CELL-DBG]   c_tilde     =  1.52927E-05  5.29546E-05  4.91212E-05  6.65194E-06  8.63237E-05  1.00513E-03  1.91564E-06  2.30498E-08
[CELL-DBG]   c_new       =  1.86708E-05  5.29546E-05  4.29737E-05  9.72566E-06  7.67776E-05  1.01469E-03  5.38916E-08  2.54901E-09
[CELL-DBG]   u_mix       =  1.69751E-05  5.29546E-05  4.59525E-05  8.23625E-06  8.14496E-05  1.01002E-03  1.00231E-06
[CELL-DBG]   u_tilde     =  1.52696E-05  5.29546E-05  4.91212E-05  6.65194E-06  8.63237E-05  1.00515E-03  1.91564E-06
[CELL-DBG]   u_new       =  1.86682E-05  5.29546E-05  4.29737E-05  9.72566E-06  7.67776E-05  1.01469E-03  5.38916E-08
[CELL-DBG]   contrib_eq  = -2.05007E-08 -6.77626E-21 -2.99060E-17  1.49496E-17  4.36856E-15  2.05007E-08  4.67002E-15 -2.05007E-08
[CELL-DBG]   contrib_kin =  2.63886E-06  0.00000E+00 -5.32663E-06  2.66332E-06 -7.96549E-06  7.96549E-06 -1.30721E-06  0.00000E+00
[CELL-DBG]   min amnt_eq =
[CELL-DBG]   aq re_mean  = -2.06540E-06
[CELL-DBG]   min re_mean =
[CELL-DBG]   aq rk_mean  =  1.31698E-04  6.70807E-04
[CELL-DBG]   min rk_mean =
[CELL-DBG]   aq rk_new   =  1.91102E-04  7.50276E-04
[CELL-DBG]   aq rk_old   =  7.22939E-05  5.91339E-04
[CELL-DBG]   min rk_new  =
[CELL-DBG]   min rk_old  =
[CELL-DBG] step=5 cell=3
[CELL-DBG]   species     =           h+          cl-         no3-    n2(aq)(p)     ch2o(aq)        hco3-       o2(aq)        co3-2
[CELL-DBG]   c_mix       =  8.27337E-06  2.39212E-05  2.60963E-05  3.79282E-06  4.13376E-05  1.00571E-03  2.43335E-07  1.37008E-08
[CELL-DBG]   c_tilde     =  7.74136E-06  2.39212E-05  2.73098E-05  3.18606E-06  4.30831E-05  1.00396E-03  4.71968E-07  1.37008E-08
[CELL-DBG]   c_new       =  8.72028E-06  2.39212E-05  2.51567E-05  4.26262E-06  3.99428E-05  1.00711E-03  2.30375E-08  5.41686E-09
[CELL-DBG]   u_mix       =  8.25967E-06  2.39212E-05  2.60963E-05  3.79282E-06  4.13376E-05  1.00572E-03  2.43335E-07
[CELL-DBG]   u_tilde     =  7.72766E-06  2.39212E-05  2.73098E-05  3.18606E-06  4.30831E-05  1.00398E-03  4.71968E-07
[CELL-DBG]   u_new       =  8.71487E-06  2.39212E-05  2.51567E-05  4.26262E-06  3.99428E-05  1.00712E-03  2.30375E-08
[CELL-DBG]   contrib_eq  = -8.28392E-09 -2.03288E-20 -1.96274E-18  9.77980E-19  4.96409E-16  8.28392E-09  5.51370E-16 -8.28392E-09
[CELL-DBG]   contrib_kin =  6.30915E-07  0.00000E+00 -1.61638E-06  8.08191E-07 -2.24730E-06  2.24730E-06 -2.26820E-07  0.00000E+00
[CELL-DBG]   min amnt_eq =
[CELL-DBG]   aq re_mean  = -8.29908E-07
[CELL-DBG]   min re_mean =
[CELL-DBG]   aq rk_mean  =  2.27235E-05  2.02417E-04
[CELL-DBG]   min rk_mean =
[CELL-DBG]   aq rk_new   =  4.41402E-05  2.35332E-04
[CELL-DBG]   aq rk_old   =  1.30676E-06  1.69503E-04
[CELL-DBG]   min rk_new  =
[CELL-DBG]   min rk_old  =
[CELL-DBG] step=5 cell=4
[CELL-DBG]   species     =           h+          cl-         no3-    n2(aq)(p)     ch2o(aq)        hco3-       o2(aq)        co3-2
[CELL-DBG]   c_mix       =  3.94346E-06  1.00349E-05  1.65485E-05  1.69303E-06  2.22685E-05  1.00353E-03  5.98405E-08  1.90371E-08
[CELL-DBG]   c_tilde     =  3.77167E-06  1.00349E-05  1.70103E-05  1.46213E-06  2.29021E-05  1.00290E-03  1.16177E-07  1.90371E-08
[CELL-DBG]   c_new       =  4.07033E-06  1.00349E-05  1.62127E-05  1.86095E-06  2.17983E-05  1.00401E-03  9.45961E-09  1.15693E-08
[CELL-DBG]   u_mix       =  3.92442E-06  1.00349E-05  1.65485E-05  1.69303E-06  2.22685E-05  1.00355E-03  5.98405E-08
[CELL-DBG]   u_tilde     =  3.75264E-06  1.00349E-05  1.70103E-05  1.46213E-06  2.29021E-05  1.00292E-03  1.16177E-07
[CELL-DBG]   u_new       =  4.05876E-06  1.00349E-05  1.62127E-05  1.86095E-06  2.17983E-05  1.00402E-03  9.45961E-09
[CELL-DBG]   contrib_eq  = -7.46777E-09  5.08220E-21 -2.98896E-21 -1.99586E-22 -1.97436E-20  7.46777E-09 -1.38854E-22 -7.46777E-09
[CELL-DBG]   contrib_kin =  1.95530E-07  0.00000E+00 -5.80175E-07  2.90088E-07 -7.75705E-07  7.75705E-07 -5.04858E-08  0.00000E+00
[CELL-DBG]   min amnt_eq =
[CELL-DBG]   aq re_mean  = -7.47113E-07
[CELL-DBG]   min re_mean =
[CELL-DBG]   aq rk_mean  =  5.05085E-06  7.25546E-05
[CELL-DBG]   min rk_mean =
[CELL-DBG]   aq rk_new   =  1.00807E-05  8.39970E-05
[CELL-DBG]   aq rk_old   =  2.09933E-08  6.11121E-05
[CELL-DBG]   min rk_new  =
[CELL-DBG]   min rk_old  =
[CELL-DBG] step=5 cell=5
[CELL-DBG]   species     =           h+          cl-         no3-    n2(aq)(p)     ch2o(aq)        hco3-       o2(aq)        co3-2
[CELL-DBG]   c_mix       =  2.05594E-06  3.96746E-06  1.22555E-05  8.36135E-07  1.38200E-05  1.00269E-03  1.47181E-08  3.05320E-08
[CELL-DBG]   c_tilde     =  1.99131E-06  3.96746E-06  1.24585E-05  7.34638E-07  1.40877E-05  1.00242E-03  2.85989E-08  3.05320E-08
[CELL-DBG]   c_new       =  2.09856E-06  3.96746E-06  1.20979E-05  9.14931E-07  1.36117E-05  1.00290E-03  3.37902E-09  2.24149E-08
[CELL-DBG]   u_mix       =  2.02541E-06  3.96746E-06  1.22555E-05  8.36135E-07  1.38200E-05  1.00272E-03  1.47181E-08
[CELL-DBG]   u_tilde     =  1.96078E-06  3.96746E-06  1.24585E-05  7.34638E-07  1.40877E-05  1.00245E-03  2.85989E-08
[CELL-DBG]   u_new       =  2.07615E-06  3.96746E-06  1.20979E-05  9.14931E-07  1.36117E-05  1.00293E-03  3.37902E-09
[CELL-DBG]   contrib_eq  = -8.11713E-09  8.82399E-15 -1.23885E-20  2.93852E-15  2.35666E-20  8.11713E-09  4.64902E-20 -8.11713E-09
[CELL-DBG]   contrib_kin =  8.24913E-08  0.00000E+00 -2.84511E-07  1.42255E-07 -3.67002E-07  3.67002E-07 -1.13637E-08  0.00000E+00
[CELL-DBG]   min amnt_eq =
[CELL-DBG]   aq re_mean  = -8.11802E-07
[CELL-DBG]   min re_mean =
[CELL-DBG]   aq rk_mean  =  1.13650E-06  3.55677E-05
[CELL-DBG]   min rk_mean =
[CELL-DBG]   aq rk_new   =  2.26807E-06  3.94025E-05
[CELL-DBG]   aq rk_old   =  4.92406E-09  3.17330E-05
[CELL-DBG]   min rk_new  =
[CELL-DBG]   min rk_old  =
[CELL-DBG] step=5 cell=6
[CELL-DBG]   species     =           h+          cl-         no3-    n2(aq)(p)     ch2o(aq)        hco3-       o2(aq)        co3-2
[CELL-DBG]   c_mix       =  1.29792E-06  1.49497E-06  1.04602E-05  5.09912E-07  1.03272E-05  1.00239E-03  3.62035E-09  4.21674E-08
[CELL-DBG]   c_tilde     =  1.26523E-06  1.49497E-06  1.05773E-05  4.51367E-07  1.04770E-05  1.00224E-03  7.04039E-09  4.21674E-08
[CELL-DBG]   c_new       =  1.31934E-06  1.49497E-06  1.03588E-05  5.60606E-07  1.01978E-05  1.00252E-03  1.02752E-09  3.56401E-08
[CELL-DBG]   u_mix       =  1.25576E-06  1.49497E-06  1.04602E-05  5.09912E-07  1.03272E-05  1.00243E-03  3.62035E-09
[CELL-DBG]   u_tilde     =  1.22306E-06  1.49497E-06  1.05773E-05  4.51367E-07  1.04770E-05  1.00228E-03  7.04039E-09
[CELL-DBG]   u_new       =  1.28370E-06  1.49497E-06  1.03588E-05  5.60606E-07  1.01978E-05  1.00256E-03  1.02752E-09
[CELL-DBG]   contrib_eq  = -6.52736E-09  2.11758E-21 -5.77422E-21 -1.83387E-22 -1.60201E-21  6.52736E-09  2.92648E-24 -6.52736E-09
[CELL-DBG]   contrib_kin =  5.08790E-08  0.00000E+00 -1.93121E-07  9.65605E-08 -2.44000E-07  2.44000E-07 -2.59875E-09  0.00000E+00
[CELL-DBG]   min amnt_eq =
[CELL-DBG]   aq re_mean  = -6.52754E-07
[CELL-DBG]   min re_mean =
[CELL-DBG]   aq rk_mean  =  2.59882E-07  2.41408E-05
[CELL-DBG]   min rk_mean =
[CELL-DBG]   aq rk_new   =  5.18580E-07  2.53476E-05
[CELL-DBG]   aq rk_old   =  1.18451E-09  2.29340E-05
[CELL-DBG]   min rk_new  =
[CELL-DBG]   min rk_old  =
[CELL-DBG] step=5 cell=7
[CELL-DBG]   species     =           h+          cl-         no3-    n2(aq)(p)     ch2o(aq)        hco3-       o2(aq)        co3-2
[CELL-DBG]   c_mix       =  1.00986E-06  5.41545E-07  9.75799E-06  3.89069E-07  8.96945E-06  1.00228E-03  8.90588E-10  4.99633E-08
[CELL-DBG]   c_tilde     =  9.86798E-07  5.41545E-07  9.84686E-06  3.44634E-07  9.08138E-06  1.00217E-03  1.73328E-09  4.99633E-08
[CELL-DBG]   c_new       =  1.02690E-06  5.41545E-07  9.67557E-06  4.30280E-07  8.86581E-06  1.00239E-03  2.78579E-10  4.57834E-08
[CELL-DBG]   u_mix       =  9.59895E-07  5.41545E-07  9.75799E-06  3.89069E-07  8.96945E-06  1.00233E-03  8.90588E-10
[CELL-DBG]   u_tilde     =  9.36835E-07  5.41545E-07  9.84686E-06  3.44634E-07  9.08138E-06  1.00222E-03  1.73328E-09
[CELL-DBG]   u_new       =  9.81113E-07  5.41545E-07  9.67557E-06  4.30280E-07  8.86581E-06  1.00243E-03  2.78579E-10
[CELL-DBG]   contrib_eq  = -4.17983E-09  1.20702E-20 -2.15398E-21  2.29956E-22 -8.77887E-21  4.17983E-09 -1.44598E-24 -4.17983E-09
[CELL-DBG]   contrib_kin =  4.13404E-08  0.00000E+00 -1.62908E-07  8.14538E-08 -2.04248E-07  2.04248E-07 -6.13476E-10  0.00000E+00
[CELL-DBG]   min amnt_eq =
[CELL-DBG]   aq re_mean  = -4.17986E-07
[CELL-DBG]   min re_mean =
[CELL-DBG]   aq rk_mean  =  6.13480E-08  2.03636E-05
[CELL-DBG]   min rk_mean =
[CELL-DBG]   aq rk_new   =  1.22403E-07  2.06057E-05
[CELL-DBG]   aq rk_old   =  2.93399E-10  2.01215E-05
[CELL-DBG]   min rk_new  =
[CELL-DBG]   min rk_old  =
[CELL-DBG] step=5 cell=8
[CELL-DBG]   species     =           h+          cl-         no3-    n2(aq)(p)     ch2o(aq)        hco3-       o2(aq)        co3-2
[CELL-DBG]   c_mix       =  9.03520E-07  1.90191E-07  9.50329E-06  3.42498E-07  8.47454E-06  1.00223E-03  2.19206E-10  5.40084E-08
[CELL-DBG]   c_tilde     =  8.83377E-07  1.90191E-07  9.58303E-06  3.02628E-07  8.57442E-06  1.00213E-03  4.26969E-10  5.40084E-08
[CELL-DBG]   c_new       =  9.19756E-07  1.90191E-07  9.42736E-06  3.80464E-07  8.37947E-06  1.00233E-03  7.12301E-11  5.11138E-08
[CELL-DBG]   u_mix       =  8.49511E-07  1.90191E-07  9.50329E-06  3.42498E-07  8.47454E-06  1.00229E-03  2.19206E-10
[CELL-DBG]   u_tilde     =  8.29368E-07  1.90191E-07  9.58303E-06  3.02628E-07  8.57442E-06  1.00219E-03  4.26969E-10
[CELL-DBG]   u_new       =  8.68642E-07  1.90191E-07  9.42736E-06  3.80464E-07  8.37947E-06  1.00238E-03  7.12301E-11
[CELL-DBG]   contrib_eq  = -2.89462E-09  1.17976E-19 -6.23137E-21 -7.74753E-24 -6.72898E-21  2.89462E-09 -1.58644E-25 -2.89462E-09
[CELL-DBG]   contrib_kin =  3.83781E-08  0.00000E+00 -1.52919E-07  7.64594E-08 -1.91297E-07  1.91297E-07 -1.48349E-10  0.00000E+00
[CELL-DBG]   min amnt_eq =
[CELL-DBG]   aq re_mean  = -2.89462E-07
[CELL-DBG]   min re_mean =
[CELL-DBG]   aq rk_mean  =  1.48349E-08  1.91149E-05
[CELL-DBG]   min rk_mean =
[CELL-DBG]   aq rk_new   =  2.95953E-08  1.89832E-05
[CELL-DBG]   aq rk_old   =  7.44812E-11  1.92465E-05
[CELL-DBG]   min rk_new  =
[CELL-DBG]   min rk_old  =
[CELL-DBG] step=5 cell=9
[CELL-DBG]   species     =           h+          cl-         no3-    n2(aq)(p)     ch2o(aq)        hco3-       o2(aq)        co3-2
[CELL-DBG]   c_mix       =  8.64934E-07  6.63823E-08  9.41924E-06  3.23238E-07  8.30733E-06  1.00221E-03  5.45228E-11  5.58156E-08
[CELL-DBG]   c_tilde     =  8.45657E-07  6.63823E-08  9.49614E-06  2.84788E-07  8.40351E-06  1.00211E-03  1.06291E-10  5.58156E-08
[CELL-DBG]   c_new       =  8.80969E-07  6.63823E-08  9.34544E-06  3.60141E-07  8.21504E-06  1.00230E-03  1.79527E-11  5.33627E-08
[CELL-DBG]   u_mix       =  8.09118E-07  6.63823E-08  9.41924E-06  3.23238E-07  8.30733E-06  1.00226E-03  5.45228E-11
[CELL-DBG]   u_tilde     =  7.89841E-07  6.63823E-08  9.49614E-06  2.84788E-07  8.40351E-06  1.00217E-03  1.06291E-10
[CELL-DBG]   u_new       =  8.27606E-07  6.63823E-08  9.34544E-06  3.60141E-07  8.21504E-06  1.00236E-03  1.79527E-11
[CELL-DBG]   contrib_eq  = -2.45285E-09  8.47470E-19  4.33884E-21 -1.57716E-22 -3.74817E-22  2.45285E-09  5.46964E-26 -2.45285E-09
[CELL-DBG]   contrib_kin =  3.74899E-08  0.00000E+00 -1.49813E-07  7.49064E-08 -1.87303E-07  1.87303E-07 -3.66654E-11  0.00000E+00
[CELL-DBG]   min amnt_eq =
[CELL-DBG]   aq re_mean  = -2.45285E-07
[CELL-DBG]   min re_mean =
[CELL-DBG]   aq rk_mean  =  3.66654E-09  1.87266E-05
[CELL-DBG]   min rk_mean =
[CELL-DBG]   aq rk_new   =  7.31401E-09  1.84515E-05
[CELL-DBG]   aq rk_old   =  1.90691E-11  1.90018E-05
[CELL-DBG]   min rk_new  =
[CELL-DBG]   min rk_old  =
[CELL-DBG] step=5 cell=10
[CELL-DBG]   species     =           h+          cl-         no3-    n2(aq)(p)     ch2o(aq)        hco3-       o2(aq)        co3-2
[CELL-DBG]   c_mix       =  8.52230E-07  2.75610E-08  9.39567E-06  3.15808E-07  8.25840E-06  1.00220E-03  1.61148E-11  5.64866E-08
[CELL-DBG]   c_tilde     =  8.33186E-07  2.75610E-08  9.47178E-06  2.77751E-07  8.35356E-06  1.00210E-03  3.14491E-11  5.64866E-08
[CELL-DBG]   c_new       =  8.68200E-07  2.75610E-08  9.32247E-06  3.52406E-07  8.16689E-06  1.00229E-03  5.32688E-12  5.41469E-08
[CELL-DBG]   u_mix       =  7.95744E-07  2.75610E-08  9.39567E-06  3.15808E-07  8.25840E-06  1.00225E-03  1.61148E-11
[CELL-DBG]   u_tilde     =  7.76700E-07  2.75610E-08  9.47178E-06  2.77751E-07  8.35356E-06  1.00216E-03  3.14491E-11
[CELL-DBG]   u_new       =  8.14053E-07  2.75610E-08  9.32247E-06  3.52406E-07  8.16689E-06  1.00234E-03  5.32688E-12
[CELL-DBG]   contrib_eq  = -2.33966E-09  6.61744E-24 -2.23156E-20  6.86969E-21  9.97383E-18  2.33966E-09  1.49167E-17 -2.33966E-09
[CELL-DBG]   contrib_kin =  3.72558E-08  0.00000E+00 -1.48980E-07  7.44900E-08 -1.86236E-07  1.86236E-07 -1.08201E-11  0.00000E+00
[CELL-DBG]   min amnt_eq =
[CELL-DBG]   aq re_mean  = -2.33966E-07
[CELL-DBG]   min re_mean =
[CELL-DBG]   aq rk_mean  =  1.08201E-09  1.86225E-05
[CELL-DBG]   min rk_mean =
[CELL-DBG]   aq rk_new   =  2.15758E-09  1.82989E-05
[CELL-DBG]   aq rk_old   =  6.43762E-12  1.89460E-05
[CELL-DBG]   min rk_new  =
[CELL-DBG]   min rk_old  =
[CELL-DBG] step=6 cell=1
[CELL-DBG]   species     =           h+          cl-         no3-    n2(aq)(p)     ch2o(aq)        hco3-       o2(aq)        co3-2
[CELL-DBG]   c_mix       =  3.71225E-05  1.20544E-04  8.84830E-05  2.04280E-05  1.71355E-04  1.02343E-03  3.91284E-06  7.78108E-08
[CELL-DBG]   c_tilde     =  3.13295E-05  1.20544E-04  9.62875E-05  1.65258E-05  1.84953E-04  1.00983E-03  7.75478E-06  7.78108E-08
[CELL-DBG]   c_new       =  4.33633E-05  1.20544E-04  7.83923E-05  2.54734E-05  1.54947E-04  1.03991E-03  1.18038E-07  1.12480E-09
[CELL-DBG]   u_mix       =  3.70447E-05  1.20544E-04  8.84830E-05  2.04280E-05  1.71355E-04  1.02351E-03  3.91284E-06
[CELL-DBG]   u_tilde     =  3.12516E-05  1.20544E-04  9.62875E-05  1.65258E-05  1.84953E-04  1.00991E-03  7.75478E-06
[CELL-DBG]   u_new       =  4.33622E-05  1.20544E-04  7.83923E-05  2.54734E-05  1.54947E-04  1.03991E-03  1.18038E-07
[CELL-DBG]   contrib_eq  = -7.66860E-08  1.21973E-19  6.57284E-20  7.84115E-18 -5.25653E-20  7.66860E-08  1.26571E-19 -7.66860E-08
[CELL-DBG]   contrib_kin =  1.33782E-05  0.00000E+00 -1.94336E-05  9.71678E-06 -3.28118E-05  3.28118E-05 -8.51982E-06  0.00000E+00
[CELL-DBG]   min amnt_eq =
[CELL-DBG]   aq re_mean  = -7.90704E-06
[CELL-DBG]   min re_mean =
[CELL-DBG]   aq rk_mean  =  8.78472E-04  2.50473E-03
[CELL-DBG]   min rk_mean =
[CELL-DBG]   aq rk_new   =  7.82558E-04  2.60110E-03
[CELL-DBG]   aq rk_old   =  9.74386E-04  2.40835E-03
[CELL-DBG]   min rk_new  =
[CELL-DBG]   min rk_old  =
[CELL-DBG] step=6 cell=2
[CELL-DBG]   species     =           h+          cl-         no3-    n2(aq)(p)     ch2o(aq)        hco3-       o2(aq)        co3-2
[CELL-DBG]   c_mix       =  2.24133E-05  6.41413E-05  4.89189E-05  1.22905E-05  9.01624E-05  1.01840E-03  4.07645E-07  2.19035E-08
[CELL-DBG]   c_tilde     =  1.99241E-05  6.41413E-05  5.27322E-05  1.03838E-05  9.64649E-05  1.01210E-03  1.94350E-06  2.19035E-08
[CELL-DBG]   c_new       =  2.36528E-05  6.41413E-05  4.54324E-05  1.40337E-05  8.54165E-05  1.02317E-03  1.98959E-08  2.02891E-09
[CELL-DBG]   u_mix       =  2.23914E-05  6.41413E-05  4.89189E-05  1.22905E-05  9.01624E-05  1.01842E-03  4.07645E-07
[CELL-DBG]   u_tilde     =  1.99022E-05  6.41413E-05  5.27322E-05  1.03838E-05  9.64649E-05  1.01212E-03  1.94350E-06
[CELL-DBG]   u_new       =  2.36507E-05  6.41413E-05  4.54324E-05  1.40337E-05  8.54165E-05  1.02317E-03  1.98959E-08
[CELL-DBG]   contrib_eq  = -1.98746E-08  5.42101E-20  3.52519E-20 -9.15561E-21 -3.12051E-20  1.98746E-08  4.64945E-20 -1.98746E-08
[CELL-DBG]   contrib_kin =  2.95250E-06  0.00000E+00 -6.46532E-06  3.23266E-06 -9.41781E-06  9.41781E-06 -1.33617E-06  0.00000E+00
[CELL-DBG]   min amnt_eq =
[CELL-DBG]   aq re_mean  = -2.00232E-06
[CELL-DBG]   min re_mean =
[CELL-DBG]   aq rk_mean  =  1.34616E-04  8.14207E-04
[CELL-DBG]   min rk_mean =
[CELL-DBG]   aq rk_new   =  7.81297E-05  8.78139E-04
[CELL-DBG]   aq rk_old   =  1.91102E-04  7.50276E-04
[CELL-DBG]   min rk_new  =
[CELL-DBG]   min rk_old  =
[CELL-DBG] step=6 cell=3
[CELL-DBG]   species     =           h+          cl-         no3-    n2(aq)(p)     ch2o(aq)        hco3-       o2(aq)        co3-2
[CELL-DBG]   c_mix       =  1.14778E-05  3.12397E-05  2.87977E-05  6.06482E-06  4.81348E-05  1.01011E-03  4.93178E-10  1.10442E-08
[CELL-DBG]   c_tilde     =  1.06164E-05  3.12397E-05  3.02725E-05  5.32743E-06  5.04709E-05  1.00777E-03  4.93178E-07  1.10442E-08
[CELL-DBG]   c_new       =  1.17709E-05  3.12397E-05  2.75991E-05  6.66412E-06  4.66361E-05  1.01162E-03  4.06942E-11  4.03095E-09
[CELL-DBG]   u_mix       =  1.14667E-05  3.12397E-05  2.87977E-05  6.06482E-06  4.81348E-05  1.01012E-03  4.93178E-10
[CELL-DBG]   u_tilde     =  1.06053E-05  3.12397E-05  3.02725E-05  5.32743E-06  5.04709E-05  1.00778E-03  4.93178E-07
[CELL-DBG]   u_new       =  1.17668E-05  3.12397E-05  2.75991E-05  6.66412E-06  4.66361E-05  1.01162E-03  4.06942E-11
[CELL-DBG]   contrib_eq  = -7.01323E-09 -2.03288E-20 -2.56916E-20  6.91656E-21  1.11541E-18  7.01323E-09  1.27439E-18 -7.01323E-09
[CELL-DBG]   contrib_kin =  7.55302E-07  0.00000E+00 -2.13821E-06  1.06910E-06 -2.89351E-06  2.89351E-06 -2.20750E-07  0.00000E+00
[CELL-DBG]   min amnt_eq =
[CELL-DBG]   aq re_mean  = -7.02606E-07
[CELL-DBG]   min re_mean =
[CELL-DBG]   aq rk_mean  =  2.21154E-05  2.67765E-04
[CELL-DBG]   min rk_mean =
[CELL-DBG]   aq rk_new   =  9.06623E-08  3.00198E-04
[CELL-DBG]   aq rk_old   =  4.41402E-05  2.35332E-04
[CELL-DBG]   min rk_new  =
[CELL-DBG]   min rk_old  =
[CELL-DBG] step=6 cell=4
[CELL-DBG]   species     =           h+          cl-         no3-    n2(aq)(p)     ch2o(aq)        hco3-       o2(aq)        co3-2
[CELL-DBG]   c_mix       =  5.56701E-06  1.41343E-05  1.84269E-05  2.78302E-06  2.66087E-05  1.00547E-03  1.27398E-10  1.38505E-08
[CELL-DBG]   c_tilde     =  5.31867E-06  1.41343E-05  1.89112E-05  2.54088E-06  2.73413E-05  1.00473E-03  1.27398E-07  1.38505E-08
[CELL-DBG]   c_new       =  5.67257E-06  1.41343E-05  1.79829E-05  3.00499E-06  2.60536E-05  1.00603E-03  1.73454E-11  8.31821E-09
[CELL-DBG]   u_mix       =  5.55316E-06  1.41343E-05  1.84269E-05  2.78302E-06  2.66087E-05  1.00548E-03  1.27398E-10
[CELL-DBG]   u_tilde     =  5.30482E-06  1.41343E-05  1.89112E-05  2.54088E-06  2.73413E-05  1.00475E-03  1.27398E-07
[CELL-DBG]   u_new       =  5.66425E-06  1.41343E-05  1.79829E-05  3.00499E-06  2.60536E-05  1.00604E-03  1.73454E-11
[CELL-DBG]   contrib_eq  = -5.53226E-09 -1.18585E-20 -1.56456E-17  7.82663E-18  5.61779E-15  5.53225E-09  6.52578E-15 -5.53226E-09
[CELL-DBG]   contrib_kin =  2.45432E-07  0.00000E+00 -7.79766E-07  3.89883E-07 -1.02520E-06  1.02520E-06 -5.04909E-08  0.00000E+00
[CELL-DBG]   min amnt_eq =
[CELL-DBG]   aq re_mean  = -5.53475E-07
[CELL-DBG]   min re_mean =
[CELL-DBG]   aq rk_mean  =  5.05136E-06  9.75146E-05
[CELL-DBG]   min rk_mean =
[CELL-DBG]   aq rk_new   =  2.20217E-08  1.11032E-04
[CELL-DBG]   aq rk_old   =  1.00807E-05  8.39970E-05
[CELL-DBG]   min rk_new  =
[CELL-DBG]   min rk_old  =
[CELL-DBG] step=6 cell=5
[CELL-DBG]   species     =           h+          cl-         no3-    n2(aq)(p)     ch2o(aq)        hco3-       o2(aq)        co3-2
[CELL-DBG]   c_mix       =  2.82861E-06  6.01585E-06  1.32680E-05  1.34386E-06  1.60963E-05  1.00355E-03  3.34781E-11  2.29552E-08
[CELL-DBG]   c_tilde     =  2.74839E-06  6.01585E-06  1.34551E-05  1.25030E-06  1.63636E-05  1.00328E-03  3.34781E-08  2.29552E-08
[CELL-DBG]   c_new       =  2.87156E-06  6.01585E-06  1.30701E-05  1.44282E-06  1.58488E-05  1.00381E-03  6.83254E-12  1.63958E-08
[CELL-DBG]   u_mix       =  2.80565E-06  6.01585E-06  1.32680E-05  1.34386E-06  1.60963E-05  1.00357E-03  3.34781E-11
[CELL-DBG]   u_tilde     =  2.72543E-06  6.01585E-06  1.34551E-05  1.25030E-06  1.63636E-05  1.00331E-03  3.34781E-08
[CELL-DBG]   u_new       =  2.85516E-06  6.01585E-06  1.30701E-05  1.44282E-06  1.58488E-05  1.00382E-03  6.83254E-12
[CELL-DBG]   contrib_eq  = -6.55941E-09  2.54110E-21 -1.67190E-18  8.38913E-19  8.31198E-16  6.55940E-09  1.04696E-15 -6.55941E-09
[CELL-DBG]   contrib_kin =  1.00244E-07  0.00000E+00 -3.55511E-07  1.77756E-07 -4.55755E-07  4.55755E-07 -1.13657E-08  0.00000E+00
[CELL-DBG]   min amnt_eq =
[CELL-DBG]   aq re_mean  = -6.56013E-07
[CELL-DBG]   min re_mean =
[CELL-DBG]   aq rk_mean  =  1.13670E-06  4.44438E-05
[CELL-DBG]   min rk_mean =
[CELL-DBG]   aq rk_new   =  5.32992E-09  4.94852E-05
[CELL-DBG]   aq rk_old   =  2.26807E-06  3.94025E-05
[CELL-DBG]   min rk_new  =
[CELL-DBG]   min rk_old  =
[CELL-DBG] step=6 cell=6
[CELL-DBG]   species     =           h+          cl-         no3-    n2(aq)(p)     ch2o(aq)        hco3-       o2(aq)        co3-2
[CELL-DBG]   c_mix       =  1.64992E-06  2.43338E-06  1.09024E-05  7.53299E-07  1.13461E-05  1.00281E-03  8.88039E-12  3.44401E-08
[CELL-DBG]   c_tilde     =  1.61762E-06  2.43338E-06  1.09962E-05  7.06433E-07  1.14721E-05  1.00268E-03  8.88039E-09  3.44401E-08
[CELL-DBG]   c_new       =  1.67258E-06  2.43338E-06  1.07866E-05  8.11237E-07  1.12012E-05  1.00296E-03  2.35607E-12  2.81253E-08
[CELL-DBG]   u_mix       =  1.61548E-06  2.43338E-06  1.09024E-05  7.53299E-07  1.13461E-05  1.00285E-03  8.88039E-12
[CELL-DBG]   u_tilde     =  1.58318E-06  2.43338E-06  1.09962E-05  7.06433E-07  1.14721E-05  1.00272E-03  8.88039E-09
[CELL-DBG]   u_new       =  1.64446E-06  2.43338E-06  1.07866E-05  8.11237E-07  1.12012E-05  1.00299E-03  2.35607E-12
[CELL-DBG]   contrib_eq  = -6.31480E-09  0.00000E+00 -1.95099E-19  9.18320E-20  1.11270E-16  6.31480E-09  1.51759E-16 -6.31480E-09
[CELL-DBG]   contrib_kin =  5.69152E-08  0.00000E+00 -2.17264E-07  1.08632E-07 -2.74179E-07  2.74179E-07 -2.59936E-09  0.00000E+00
[CELL-DBG]   min amnt_eq =
[CELL-DBG]   aq re_mean  = -6.31498E-07
[CELL-DBG]   min re_mean =
[CELL-DBG]   aq rk_mean  =  2.59943E-07  2.71587E-05
[CELL-DBG]   min rk_mean =
[CELL-DBG]   aq rk_new   =  1.30493E-09  2.89698E-05
[CELL-DBG]   aq rk_old   =  5.18580E-07  2.53476E-05
[CELL-DBG]   min rk_new  =
[CELL-DBG]   min rk_old  =
[CELL-DBG] step=6 cell=7
[CELL-DBG]   species     =           h+          cl-         no3-    n2(aq)(p)     ch2o(aq)        hco3-       o2(aq)        co3-2
[CELL-DBG]   c_mix       =  1.17080E-06  9.43287E-07  9.89300E-06  5.20429E-07  9.33841E-06  1.00253E-03  2.35885E-12  4.39762E-08
[CELL-DBG]   c_tilde     =  1.15276E-06  9.43287E-07  9.95571E-06  4.89070E-07  9.41917E-06  1.00245E-03  2.35885E-09  4.39762E-08
[CELL-DBG]   c_new       =  1.18814E-06  9.43287E-07  9.80606E-06  5.63898E-07  9.22974E-06  1.00264E-03  7.17786E-13  3.95803E-08
[CELL-DBG]   u_mix       =  1.12682E-06  9.43287E-07  9.89300E-06  5.20429E-07  9.33841E-06  1.00257E-03  2.35885E-12
[CELL-DBG]   u_tilde     =  1.10878E-06  9.43287E-07  9.95571E-06  4.89070E-07  9.41917E-06  1.00249E-03  2.35885E-09
[CELL-DBG]   u_new       =  1.14856E-06  9.43287E-07  9.80606E-06  5.63898E-07  9.22974E-06  1.00268E-03  7.17786E-13
[CELL-DBG]   contrib_eq  = -4.39583E-09 -7.41154E-22 -2.99184E-20  1.11476E-20  1.46811E-17  4.39583E-09  2.11439E-17 -4.39583E-09
[CELL-DBG]   contrib_kin =  4.29540E-08  0.00000E+00 -1.69361E-07  8.46807E-08 -2.12315E-07  2.12315E-07 -6.13650E-10  0.00000E+00
[CELL-DBG]   min amnt_eq =
[CELL-DBG]   aq re_mean  = -4.39586E-07
[CELL-DBG]   min re_mean =
[CELL-DBG]   aq rk_mean  =  6.13654E-08  2.11703E-05
[CELL-DBG]   min rk_mean =
[CELL-DBG]   aq rk_new   =  3.28220E-10  2.17350E-05
[CELL-DBG]   aq rk_old   =  1.22403E-07  2.06057E-05
[CELL-DBG]   min rk_new  =
[CELL-DBG]   min rk_old  =
[CELL-DBG] step=6 cell=8
[CELL-DBG]   species     =           h+          cl-         no3-    n2(aq)(p)     ch2o(aq)        hco3-       o2(aq)        co3-2
[CELL-DBG]   c_mix       =  9.83772E-07  3.53565E-07  9.49115E-06  4.29439E-07  8.54092E-06  1.00242E-03  6.25246E-13  4.97601E-08
[CELL-DBG]   c_tilde     =  9.70196E-07  3.53565E-07  9.54296E-06  4.03536E-07  8.60630E-06  1.00235E-03  6.25246E-10  4.97601E-08
[CELL-DBG]   c_new       =  1.00013E-06  3.53565E-07  9.41473E-06  4.67651E-07  8.44539E-06  1.00252E-03  2.02724E-13  4.70147E-08
[CELL-DBG]   u_mix       =  9.34012E-07  3.53565E-07  9.49115E-06  4.29439E-07  8.54092E-06  1.00247E-03  6.25246E-13
[CELL-DBG]   u_tilde     =  9.20436E-07  3.53565E-07  9.54296E-06  4.03536E-07  8.60630E-06  1.00240E-03  6.25246E-10
[CELL-DBG]   u_new       =  9.53118E-07  3.53565E-07  9.41473E-06  4.67651E-07  8.44539E-06  1.00256E-03  2.02724E-13
[CELL-DBG]   contrib_eq  = -2.74532E-09  5.29396E-23 -1.88192E-18  9.38893E-19  1.29374E-15  2.74532E-09  1.91513E-15 -2.74532E-09
[CELL-DBG]   contrib_kin =  3.82377E-08  0.00000E+00 -1.52357E-07  7.61786E-08 -1.90595E-07  1.90595E-07 -1.48401E-10  0.00000E+00
[CELL-DBG]   min amnt_eq =
[CELL-DBG]   aq re_mean  = -2.74533E-07
[CELL-DBG]   min re_mean =
[CELL-DBG]   aq rk_mean  =  1.48401E-08  1.90447E-05
[CELL-DBG]   min rk_mean =
[CELL-DBG]   aq rk_new   =  8.48874E-11  1.91061E-05
[CELL-DBG]   aq rk_old   =  2.95953E-08  1.89832E-05
[CELL-DBG]   min rk_new  =
[CELL-DBG]   min rk_old  =
[CELL-DBG] step=6 cell=9
[CELL-DBG]   species     =           h+          cl-         no3-    n2(aq)(p)     ch2o(aq)        hco3-       o2(aq)        co3-2
[CELL-DBG]   c_mix       =  9.13226E-07  1.31699E-07  9.34332E-06  3.93533E-07  8.24507E-06  1.00237E-03  1.67090E-13  5.25905E-08
[CELL-DBG]   c_tilde     =  9.01150E-07  1.31699E-07  9.39095E-06  3.69715E-07  8.30478E-06  1.00231E-03  1.67090E-10  5.25905E-08
[CELL-DBG]   c_new       =  9.29396E-07  1.31699E-07  9.27064E-06  4.29872E-07  8.15422E-06  1.00247E-03  5.54114E-14  5.05905E-08
[CELL-DBG]   u_mix       =  8.60636E-07  1.31699E-07  9.34332E-06  3.93533E-07  8.24507E-06  1.00243E-03  1.67090E-13
[CELL-DBG]   u_tilde     =  8.48560E-07  1.31699E-07  9.39095E-06  3.69715E-07  8.30478E-06  1.00237E-03  1.67090E-10
[CELL-DBG]   u_new       =  8.78805E-07  1.31699E-07  9.27064E-06  4.29872E-07  8.15422E-06  1.00252E-03  5.54114E-14
[CELL-DBG]   contrib_eq  = -2.00000E-09 -7.94093E-23 -3.46908E-19  1.75466E-19  2.45272E-16  2.00000E-09  3.67227E-16 -2.00000E-09
[CELL-DBG]   contrib_kin =  3.66574E-08  0.00000E+00 -1.46483E-07  7.32415E-08 -1.83140E-07  1.83140E-07 -3.66821E-11  0.00000E+00
[CELL-DBG]   min amnt_eq =
[CELL-DBG]   aq re_mean  = -2.00001E-07
[CELL-DBG]   min re_mean =
[CELL-DBG]   aq rk_mean  =  3.66821E-09  1.83104E-05
[CELL-DBG]   min rk_mean =
[CELL-DBG]   aq rk_new   =  2.24091E-11  1.81693E-05
[CELL-DBG]   aq rk_old   =  7.31401E-09  1.84515E-05
[CELL-DBG]   min rk_new  =
[CELL-DBG]   min rk_old  =
[CELL-DBG] step=6 cell=10
[CELL-DBG]   species     =           h+          cl-         no3-    n2(aq)(p)     ch2o(aq)        hco3-       o2(aq)        co3-2
[CELL-DBG]   c_mix       =  8.89448E-07  5.83622E-08  9.29693E-06  3.80423E-07  8.15038E-06  1.00235E-03  5.31722E-14  5.36866E-08
[CELL-DBG]   c_tilde     =  8.77946E-07  5.83622E-08  9.34273E-06  3.57526E-07  8.20768E-06  1.00230E-03  5.31722E-11  5.36866E-08
[CELL-DBG]   c_new       =  9.05558E-07  5.83622E-08  9.22543E-06  4.16174E-07  8.06100E-06  1.00245E-03  1.87484E-14  5.19212E-08
[CELL-DBG]   u_mix       =  8.35761E-07  5.83622E-08  9.29693E-06  3.80423E-07  8.15038E-06  1.00241E-03  5.31722E-14
[CELL-DBG]   u_tilde     =  8.24259E-07  5.83622E-08  9.34273E-06  3.57526E-07  8.20768E-06  1.00235E-03  5.31722E-11
[CELL-DBG]   u_new       =  8.53637E-07  5.83622E-08  9.22543E-06  4.16174E-07  8.06100E-06  1.00250E-03  1.87484E-14
[CELL-DBG]   contrib_eq  = -1.76537E-09  6.61744E-24 -2.88795E-18  1.44556E-18  2.03388E-15  1.76537E-09  3.05667E-15 -1.76537E-09
[CELL-DBG]   contrib_kin =  3.61851E-08  0.00000E+00 -1.44697E-07  7.23485E-08 -1.80882E-07  1.80882E-07 -1.08254E-11  0.00000E+00
[CELL-DBG]   min amnt_eq =
[CELL-DBG]   aq re_mean  = -1.76537E-07
[CELL-DBG]   min re_mean =
[CELL-DBG]   aq rk_mean  =  1.08254E-09  1.80871E-05
[CELL-DBG]   min rk_mean =
[CELL-DBG]   aq rk_new   =  7.49610E-12  1.78753E-05
[CELL-DBG]   aq rk_old   =  2.15758E-09  1.82989E-05
[CELL-DBG]   min rk_new  =
[CELL-DBG]   min rk_old  =
[CELL-DBG] step=7 cell=1
[CELL-DBG]   species     =           h+          cl-         no3-    n2(aq)(p)     ch2o(aq)        hco3-       o2(aq)        co3-2
[CELL-DBG]   c_mix       =  4.22910E-05  1.33096E-04  8.96093E-05  2.60781E-05  1.79838E-04  1.03415E-03  4.70462E-06  7.74932E-08
[CELL-DBG]   c_tilde     =  3.71551E-05  1.33096E-04  9.80916E-05  2.18369E-05  1.93456E-04  1.02053E-03  7.71999E-06  7.74932E-08
[CELL-DBG]   c_new       =  4.94275E-05  1.33096E-04  7.90282E-05  3.13686E-05  1.62044E-04  1.05202E-03  1.36946E-07  9.98284E-10
[CELL-DBG]   u_mix       =  4.22135E-05  1.33096E-04  8.96093E-05  2.60781E-05  1.79838E-04  1.03422E-03  4.70462E-06
[CELL-DBG]   u_tilde     =  3.70776E-05  1.33096E-04  9.80916E-05  2.18369E-05  1.93456E-04  1.02061E-03  7.71999E-06
[CELL-DBG]   u_new       =  4.94265E-05  1.33096E-04  7.90282E-05  3.13686E-05  1.62044E-04  1.05202E-03  1.36946E-07
[CELL-DBG]   contrib_eq  = -7.64949E-08  2.71051E-20  2.79087E-20  1.20577E-18  9.23874E-20  7.64949E-08  6.00425E-20 -7.64949E-08
[CELL-DBG]   contrib_kin =  1.35304E-05  0.00000E+00 -2.06717E-05  1.03359E-05 -3.42021E-05  3.42021E-05 -8.36248E-06  0.00000E+00
[CELL-DBG]   min amnt_eq =
[CELL-DBG]   aq re_mean  = -7.88733E-06
[CELL-DBG]   min re_mean =
[CELL-DBG]   aq rk_mean  =  8.62249E-04  2.66431E-03
[CELL-DBG]   min rk_mean =
[CELL-DBG]   aq rk_new   =  9.41939E-04  2.72752E-03
[CELL-DBG]   aq rk_old   =  7.82558E-04  2.60110E-03
[CELL-DBG]   min rk_new  =
[CELL-DBG]   min rk_old  =
[CELL-DBG] step=7 cell=2
[CELL-DBG]   species     =           h+          cl-         no3-    n2(aq)(p)     ch2o(aq)        hco3-       o2(aq)        co3-2
[CELL-DBG]   c_mix       =  2.67780E-05  7.48750E-05  5.06770E-05  1.67246E-05  9.82657E-05  1.02672E-03  9.40589E-07  2.11931E-08
[CELL-DBG]   c_tilde     =  2.47276E-05  7.48750E-05  5.49942E-05  1.45660E-05  1.04633E-04  1.02035E-03  1.91172E-06  2.11931E-08
[CELL-DBG]   c_new       =  2.86233E-05  7.48750E-05  4.68086E-05  1.86588E-05  9.25326E-05  1.03247E-03  4.28965E-08  1.69183E-09
[CELL-DBG]   u_mix       =  2.67568E-05  7.48750E-05  5.06770E-05  1.67246E-05  9.82657E-05  1.02674E-03  9.40589E-07
[CELL-DBG]   u_tilde     =  2.47064E-05  7.48750E-05  5.49942E-05  1.45660E-05  1.04633E-04  1.02037E-03  1.91172E-06
[CELL-DBG]   u_new       =  2.86216E-05  7.48750E-05  4.68086E-05  1.86588E-05  9.25326E-05  1.03247E-03  4.28965E-08
[CELL-DBG]   contrib_eq  = -1.95013E-08 -4.06576E-20 -2.26034E-19  1.13017E-19  3.54710E-17  1.95013E-08  3.84622E-17 -1.95013E-08
[CELL-DBG]   contrib_kin =  3.12416E-06  0.00000E+00 -7.35487E-06  3.67743E-06 -1.04790E-05  1.04790E-05 -1.28544E-06  0.00000E+00
[CELL-DBG]   min amnt_eq =
[CELL-DBG]   aq re_mean  = -1.96471E-06
[CELL-DBG]   min re_mean =
[CELL-DBG]   aq rk_mean  =  1.29505E-04  9.26233E-04
[CELL-DBG]   min rk_mean =
[CELL-DBG]   aq rk_new   =  1.80881E-04  9.74326E-04
[CELL-DBG]   aq rk_old   =  7.81297E-05  8.78139E-04
[CELL-DBG]   min rk_new  =
[CELL-DBG]   min rk_old  =
[CELL-DBG] step=7 cell=3
[CELL-DBG]   species     =           h+          cl-         no3-    n2(aq)(p)     ch2o(aq)        hco3-       o2(aq)        co3-2
[CELL-DBG]   c_mix       =  1.45174E-05  3.87714E-05  3.06918E-05  8.84593E-06  5.45032E-05  1.01526E-03  2.31245E-07  9.39891E-09
[CELL-DBG]   c_tilde     =  1.38204E-05  3.87714E-05  3.25227E-05  7.93052E-06  5.70310E-05  1.01274E-03  4.70542E-07  9.39891E-09
[CELL-DBG]   c_new       =  1.50812E-05  3.87714E-05  2.92678E-05  9.55792E-06  5.25092E-05  1.01726E-03  1.72208E-08  3.16373E-09
[CELL-DBG]   u_mix       =  1.45080E-05  3.87714E-05  3.06918E-05  8.84593E-06  5.45032E-05  1.01527E-03  2.31245E-07
[CELL-DBG]   u_tilde     =  1.38110E-05  3.87714E-05  3.25227E-05  7.93052E-06  5.70310E-05  1.01275E-03  4.70542E-07
[CELL-DBG]   u_new       =  1.50780E-05  3.87714E-05  2.92678E-05  9.55792E-06  5.25092E-05  1.01727E-03  1.72208E-08
[CELL-DBG]   contrib_eq  = -6.23518E-09  2.10064E-19 -4.79284E-20  4.53656E-17  5.71833E-18  6.23518E-09  6.32981E-18 -6.23518E-09
[CELL-DBG]   contrib_kin =  8.70122E-07  0.00000E+00 -2.62258E-06  1.31129E-06 -3.49271E-06  3.49271E-06 -2.14476E-07  0.00000E+00
[CELL-DBG]   min amnt_eq =
[CELL-DBG]   aq re_mean  = -6.24659E-07
[CELL-DBG]   min re_mean =
[CELL-DBG]   aq rk_mean  =  2.14869E-05  3.28423E-04
[CELL-DBG]   min rk_mean =
[CELL-DBG]   aq rk_new   =  4.28831E-05  3.56647E-04
[CELL-DBG]   aq rk_old   =  9.06623E-08  3.00198E-04
[CELL-DBG]   min rk_new  =
[CELL-DBG]   min rk_old  =
[CELL-DBG] step=7 cell=4
[CELL-DBG]   species     =           h+          cl-         no3-    n2(aq)(p)     ch2o(aq)        hco3-       o2(aq)        co3-2
[CELL-DBG]   c_mix       =  7.40262E-06  1.86876E-05  1.99016E-05  4.29954E-06  3.07880E-05  1.00826E-03  5.68573E-08  1.04894E-08
[CELL-DBG]   c_tilde     =  7.15847E-06  1.86876E-05  2.06424E-05  3.92915E-06  3.17730E-05  1.00727E-03  1.15822E-07  1.04894E-08
[CELL-DBG]   c_new       =  7.58567E-06  1.86876E-05  1.93524E-05  4.57415E-06  3.00515E-05  1.00900E-03  6.86233E-09  6.23872E-09
[CELL-DBG]   u_mix       =  7.39213E-06  1.86876E-05  1.99016E-05  4.29954E-06  3.07880E-05  1.00827E-03  5.68573E-08
[CELL-DBG]   u_tilde     =  7.14798E-06  1.86876E-05  2.06424E-05  3.92915E-06  3.17730E-05  1.00728E-03  1.15822E-07
[CELL-DBG]   u_new       =  7.57944E-06  1.86876E-05  1.93524E-05  4.57415E-06  3.00515E-05  1.00900E-03  6.86233E-09
[CELL-DBG]   contrib_eq  = -4.25069E-09  1.92446E-18 -1.95473E-20  2.65965E-16  1.53924E-19  4.25069E-09  1.83633E-19 -4.25069E-09
[CELL-DBG]   contrib_kin =  2.98394E-07  0.00000E+00 -9.93157E-07  4.96578E-07 -1.29155E-06  1.29155E-06 -5.01050E-08  0.00000E+00
[CELL-DBG]   min amnt_eq =
[CELL-DBG]   aq re_mean  = -4.25261E-07
[CELL-DBG]   min re_mean =
[CELL-DBG]   aq rk_mean  =  5.01275E-06  1.24200E-04
[CELL-DBG]   min rk_mean =
[CELL-DBG]   aq rk_new   =  1.00035E-05  1.37369E-04
[CELL-DBG]   aq rk_old   =  2.20217E-08  1.11032E-04
[CELL-DBG]   min rk_new  =
[CELL-DBG]   min rk_old  =
[CELL-DBG] step=7 cell=5
[CELL-DBG]   species     =           h+          cl-         no3-    n2(aq)(p)     ch2o(aq)        hco3-       o2(aq)        co3-2
[CELL-DBG]   c_mix       =  3.79924E-06  8.47219E-06  1.41937E-05  2.09690E-06  1.84968E-05  1.00491E-03  1.39816E-08  1.74084E-08
[CELL-DBG]   c_tilde     =  3.70557E-06  8.47219E-06  1.45102E-05  1.93861E-06  1.89071E-05  1.00450E-03  2.85105E-08  1.74084E-08
[CELL-DBG]   c_new       =  3.86593E-06  8.47219E-06  1.39517E-05  2.21787E-06  1.81830E-05  1.00523E-03  2.55936E-09  1.21959E-08
[CELL-DBG]   u_mix       =  3.78183E-06  8.47219E-06  1.41937E-05  2.09690E-06  1.84968E-05  1.00493E-03  1.39816E-08
[CELL-DBG]   u_tilde     =  3.68816E-06  8.47219E-06  1.45102E-05  1.93861E-06  1.89071E-05  1.00452E-03  2.85105E-08
[CELL-DBG]   u_new       =  3.85374E-06  8.47219E-06  1.39517E-05  2.21787E-06  1.81830E-05  1.00525E-03  2.55936E-09
[CELL-DBG]   contrib_eq  = -5.21255E-09  1.79707E-17  1.30225E-20  1.88490E-16 -1.34024E-20  5.21255E-09  1.98225E-21 -5.21255E-09
[CELL-DBG]   contrib_kin =  1.21410E-07  0.00000E+00 -4.39844E-07  2.19922E-07 -5.61254E-07  5.61254E-07 -1.14489E-08  0.00000E+00
[CELL-DBG]   min amnt_eq =
[CELL-DBG]   aq re_mean  = -5.21313E-07
[CELL-DBG]   min re_mean =
[CELL-DBG]   aq rk_mean  =  1.14502E-06  5.49866E-05
[CELL-DBG]   min rk_mean =
[CELL-DBG]   aq rk_new   =  2.28470E-06  6.04880E-05
[CELL-DBG]   aq rk_old   =  5.32992E-09  4.94852E-05
[CELL-DBG]   min rk_new  =
[CELL-DBG]   min rk_old  =
[CELL-DBG] step=7 cell=6
[CELL-DBG]   species     =           h+          cl-         no3-    n2(aq)(p)     ch2o(aq)        hco3-       o2(aq)        co3-2
[CELL-DBG]   c_mix       =  2.12754E-06  3.64550E-06  1.13625E-05  1.12325E-06  1.25314E-05  1.00349E-03  3.43861E-09  2.77205E-08
[CELL-DBG]   c_tilde     =  2.08396E-06  3.64550E-06  1.15225E-05  1.04325E-06  1.27350E-05  1.00328E-03  7.01855E-09  2.77205E-08
[CELL-DBG]   c_new       =  2.15748E-06  3.64550E-06  1.12295E-05  1.18976E-06  1.23625E-05  1.00366E-03  8.48506E-10  2.18192E-08
[CELL-DBG]   u_mix       =  2.09982E-06  3.64550E-06  1.13625E-05  1.12325E-06  1.25314E-05  1.00351E-03  3.43861E-09
[CELL-DBG]   u_tilde     =  2.05624E-06  3.64550E-06  1.15225E-05  1.04325E-06  1.27350E-05  1.00331E-03  7.01855E-09
[CELL-DBG]   u_new       =  2.13566E-06  3.64550E-06  1.12295E-05  1.18976E-06  1.23625E-05  1.00368E-03  8.48506E-10
[CELL-DBG]   contrib_eq  = -5.90128E-09  1.13554E-16 -9.93593E-21  1.47743E-17 -2.28705E-21  5.90128E-09  1.47935E-23 -5.90128E-09
[CELL-DBG]   contrib_kin =  6.48200E-08  0.00000E+00 -2.48893E-07  1.24447E-07 -3.13713E-07  3.13713E-07 -2.59663E-09  0.00000E+00
[CELL-DBG]   min amnt_eq =
[CELL-DBG]   aq re_mean  = -5.90144E-07
[CELL-DBG]   min re_mean =
[CELL-DBG]   aq rk_mean  =  2.59670E-07  3.11125E-05
[CELL-DBG]   min rk_mean =
[CELL-DBG]   aq rk_new   =  5.18035E-07  3.32553E-05
[CELL-DBG]   aq rk_old   =  1.30493E-09  2.89698E-05
[CELL-DBG]   min rk_new  =
[CELL-DBG]   min rk_old  =
[CELL-DBG] step=7 cell=7
[CELL-DBG]   species     =           h+          cl-         no3-    n2(aq)(p)     ch2o(aq)        hco3-       o2(aq)        co3-2
[CELL-DBG]   c_mix       =  1.40088E-06  1.50055E-06  1.00541E-05  7.15714E-07  9.81960E-06  1.00291E-03  8.45773E-10  3.80529E-08
[CELL-DBG]   c_tilde     =  1.37425E-06  1.50055E-06  1.01571E-05  6.64211E-07  9.94924E-06  1.00278E-03  1.72792E-09  3.80529E-08
[CELL-DBG]   c_new       =  1.41976E-06  1.50055E-06  9.96131E-06  7.62119E-07  9.70299E-06  1.00303E-03  2.48584E-10  3.31358E-08
[CELL-DBG]   u_mix       =  1.36283E-06  1.50055E-06  1.00541E-05  7.15714E-07  9.81960E-06  1.00294E-03  8.45773E-10
[CELL-DBG]   u_tilde     =  1.33619E-06  1.50055E-06  1.01571E-05  6.64211E-07  9.94924E-06  1.00282E-03  1.72792E-09
[CELL-DBG]   u_new       =  1.38663E-06  1.50055E-06  9.96131E-06  7.62119E-07  9.70299E-06  1.00306E-03  2.48584E-10
[CELL-DBG]   contrib_eq  = -4.91708E-09  0.00000E+00 -4.13830E-19  2.11997E-19  2.75732E-16  4.91708E-09  3.91275E-16 -4.91708E-09
[CELL-DBG]   contrib_kin =  4.55360E-08  0.00000E+00 -1.79749E-07  8.98744E-08 -2.25285E-07  2.25285E-07 -5.98831E-10  0.00000E+00
[CELL-DBG]   min amnt_eq =
[CELL-DBG]   aq re_mean  = -4.91711E-07
[CELL-DBG]   min re_mean =
[CELL-DBG]   aq rk_mean  =  5.98835E-08  2.24688E-05
[CELL-DBG]   min rk_mean =
[CELL-DBG]   aq rk_new   =  1.19439E-07  2.32025E-05
[CELL-DBG]   aq rk_old   =  3.28220E-10  2.17350E-05
[CELL-DBG]   min rk_new  =
[CELL-DBG]   min rk_old  =
[CELL-DBG] step=7 cell=8
[CELL-DBG]   species     =           h+          cl-         no3-    n2(aq)(p)     ch2o(aq)        hco3-       o2(aq)        co3-2
[CELL-DBG]   c_mix       =  1.10038E-06  5.96313E-07  9.48954E-06  5.50403E-07  8.66063E-06  1.00268E-03  2.08153E-10  4.54532E-08
[CELL-DBG]   c_tilde     =  1.07959E-06  5.96313E-07  9.57185E-06  5.09252E-07  8.76372E-06  1.00257E-03  4.25667E-10  4.54532E-08
[CELL-DBG]   c_new       =  1.11656E-06  5.96313E-07  9.41208E-06  5.89136E-07  8.56365E-06  1.00278E-03  6.66575E-11  4.21233E-08
[CELL-DBG]   u_mix       =  1.05493E-06  5.96313E-07  9.48954E-06  5.50403E-07  8.66063E-06  1.00272E-03  2.08153E-10
[CELL-DBG]   u_tilde     =  1.03413E-06  5.96313E-07  9.57185E-06  5.09252E-07  8.76372E-06  1.00262E-03  4.25667E-10
[CELL-DBG]   u_new       =  1.07443E-06  5.96313E-07  9.41208E-06  5.89136E-07  8.56365E-06  1.00282E-03  6.66575E-11
[CELL-DBG]   contrib_eq  = -3.32982E-09  1.30764E-15  6.02571E-21  5.24572E-21 -8.14064E-21  3.32982E-09  1.68571E-25 -3.32982E-09
[CELL-DBG]   contrib_kin =  3.86146E-08  0.00000E+00 -1.53891E-07  7.69453E-08 -1.92505E-07  1.92505E-07 -1.41919E-10  0.00000E+00
[CELL-DBG]   min amnt_eq =
[CELL-DBG]   aq re_mean  = -3.32982E-07
[CELL-DBG]   min re_mean =
[CELL-DBG]   aq rk_mean  =  1.41920E-08  1.92363E-05
[CELL-DBG]   min rk_mean =
[CELL-DBG]   aq rk_new   =  2.82991E-08  1.93666E-05
[CELL-DBG]   aq rk_old   =  8.48874E-11  1.91061E-05
[CELL-DBG]   min rk_new  =
[CELL-DBG]   min rk_old  =
[CELL-DBG] step=7 cell=9
[CELL-DBG]   species     =           h+          cl-         no3-    n2(aq)(p)     ch2o(aq)        hco3-       o2(aq)        co3-2
[CELL-DBG]   c_mix       =  9.81770E-07  2.35700E-07  9.26355E-06  4.84898E-07  8.19746E-06  1.00258E-03  5.17671E-11  4.95229E-08
[CELL-DBG]   c_tilde     =  9.62994E-07  2.35700E-07  9.33843E-06  4.47455E-07  8.29113E-06  1.00249E-03  1.05973E-10  4.95229E-08
[CELL-DBG]   c_new       =  9.97348E-07  2.35700E-07  9.19189E-06  5.20725E-07  8.10786E-06  1.00267E-03  1.71946E-11  4.71534E-08
[CELL-DBG]   u_mix       =  9.32247E-07  2.35700E-07  9.26355E-06  4.84898E-07  8.19746E-06  1.00263E-03  5.17671E-11
[CELL-DBG]   u_tilde     =  9.13471E-07  2.35700E-07  9.33843E-06  4.47455E-07  8.29113E-06  1.00254E-03  1.05973E-10
[CELL-DBG]   u_new       =  9.50195E-07  2.35700E-07  9.19189E-06  5.20725E-07  8.10786E-06  1.00272E-03  1.71946E-11
[CELL-DBG]   contrib_eq  = -2.36953E-09  3.08385E-15 -6.29740E-21  8.19360E-22 -3.65529E-21  2.36953E-09 -3.86179E-26 -2.36953E-09
[CELL-DBG]   contrib_kin =  3.61173E-08  0.00000E+00 -1.44331E-07  7.21653E-08 -1.80448E-07  1.80448E-07 -3.46845E-11  0.00000E+00
[CELL-DBG]   min amnt_eq =
[CELL-DBG]   aq re_mean  = -2.36953E-07
[CELL-DBG]   min re_mean =
[CELL-DBG]   aq rk_mean  =  3.46845E-09  1.80413E-05
[CELL-DBG]   min rk_mean =
[CELL-DBG]   aq rk_new   =  6.91450E-09  1.79134E-05
[CELL-DBG]   aq rk_old   =  2.24091E-11  1.81693E-05
[CELL-DBG]   min rk_new  =
[CELL-DBG]   min rk_old  =
[CELL-DBG] step=7 cell=10
[CELL-DBG]   species     =           h+          cl-         no3-    n2(aq)(p)     ch2o(aq)        hco3-       o2(aq)        co3-2
[CELL-DBG]   c_mix       =  9.40688E-07  1.10814E-07  9.18635E-06  4.61677E-07  8.03842E-06  1.00255E-03  1.52982E-11  5.12118E-08
[CELL-DBG]   c_tilde     =  9.22546E-07  1.10814E-07  9.25885E-06  4.25426E-07  8.12907E-06  1.00246E-03  3.13573E-11  5.12118E-08
[CELL-DBG]   c_new       =  9.56098E-07  1.10814E-07  9.11665E-06  4.96529E-07  7.95128E-06  1.00264E-03  5.14724E-12  4.91860E-08
[CELL-DBG]   u_mix       =  8.89476E-07  1.10814E-07  9.18635E-06  4.61677E-07  8.03842E-06  1.00260E-03  1.52982E-11
[CELL-DBG]   u_tilde     =  8.71334E-07  1.10814E-07  9.25885E-06  4.25426E-07  8.12907E-06  1.00251E-03  3.13573E-11
[CELL-DBG]   u_new       =  9.06912E-07  1.10814E-07  9.11665E-06  4.96529E-07  7.95128E-06  1.00269E-03  5.14724E-12
[CELL-DBG]   contrib_eq  = -2.02580E-09 -3.97047E-23 -1.00854E-19  5.00033E-20  7.09556E-17  2.02580E-09  1.07127E-16 -2.02580E-09
[CELL-DBG]   contrib_kin =  3.53113E-08  0.00000E+00 -1.41204E-07  7.06022E-08 -1.76516E-07  1.76516E-07 -1.01886E-11  0.00000E+00
[CELL-DBG]   min amnt_eq =
[CELL-DBG]   aq re_mean  = -2.02580E-07
[CELL-DBG]   min re_mean =
[CELL-DBG]   aq rk_mean  =  1.01886E-09  1.76505E-05
[CELL-DBG]   min rk_mean =
[CELL-DBG]   aq rk_new   =  2.03021E-09  1.74258E-05
[CELL-DBG]   aq rk_old   =  7.49610E-12  1.78753E-05
[CELL-DBG]   min rk_new  =
[CELL-DBG]   min rk_old  =
[CELL-DBG] step=8 cell=1
[CELL-DBG]   species     =           h+          cl-         no3-    n2(aq)(p)     ch2o(aq)        hco3-       o2(aq)        co3-2
[CELL-DBG]   c_mix       =  4.86481E-05  1.44686E-04  8.99401E-05  3.16493E-05  1.85376E-04  1.04634E-03  4.02799E-06  7.72804E-08
[CELL-DBG]   c_tilde     =  4.27029E-05  1.44686E-04  9.88776E-05  2.71805E-05  2.00259E-04  1.03145E-03  7.73881E-06  7.72804E-08
[CELL-DBG]   c_new       =  5.52174E-05  1.44686E-04  7.90149E-05  3.71119E-05  1.67805E-04  1.06398E-03  1.13629E-07  9.03773E-10
[CELL-DBG]   u_mix       =  4.85708E-05  1.44686E-04  8.99401E-05  3.16493E-05  1.85376E-04  1.04641E-03  4.02799E-06
[CELL-DBG]   u_tilde     =  4.26256E-05  1.44686E-04  9.88776E-05  2.71805E-05  2.00259E-04  1.03153E-03  7.73881E-06
[CELL-DBG]   u_new       =  5.52165E-05  1.44686E-04  7.90149E-05  3.71119E-05  1.67805E-04  1.06398E-03  1.13629E-07
[CELL-DBG]   contrib_eq  = -7.63766E-08  2.71051E-20  5.54723E-20  2.83972E-19  3.73789E-20  7.63766E-08  1.20076E-20 -7.63766E-08
[CELL-DBG]   contrib_kin =  1.38586E-05  0.00000E+00 -2.15063E-05  1.07531E-05 -3.53649E-05  3.53649E-05 -8.48203E-06  0.00000E+00
[CELL-DBG]   min amnt_eq =
[CELL-DBG]   aq re_mean  = -7.87514E-06
[CELL-DBG]   min re_mean =
[CELL-DBG]   aq rk_mean  =  8.74576E-04  2.77187E-03
[CELL-DBG]   min rk_mean =
[CELL-DBG]   aq rk_new   =  8.07214E-04  2.81623E-03
[CELL-DBG]   aq rk_old   =  9.41939E-04  2.72752E-03
[CELL-DBG]   min rk_new  =
[CELL-DBG]   min rk_old  =
[CELL-DBG] step=8 cell=2
[CELL-DBG]   species     =           h+          cl-         no3-    n2(aq)(p)     ch2o(aq)        hco3-       o2(aq)        co3-2
[CELL-DBG]   c_mix       =  3.21452E-05  8.51503E-05  5.15706E-05  2.13641E-05  1.04045E-04  1.03665E-03  4.59481E-07  2.07309E-08
[CELL-DBG]   c_tilde     =  2.95005E-05  8.51503E-05  5.62580E-05  1.90204E-05  1.11377E-04  1.02932E-03  1.93229E-06  2.07309E-08
[CELL-DBG]   c_new       =  3.36042E-05  8.51503E-05  4.74160E-05  2.34414E-05  9.84120E-05  1.04231E-03  1.98151E-08  1.45479E-09
[CELL-DBG]   u_mix       =  3.21245E-05  8.51503E-05  5.15706E-05  2.13641E-05  1.04045E-04  1.03668E-03  4.59481E-07
[CELL-DBG]   u_tilde     =  2.94798E-05  8.51503E-05  5.62580E-05  1.90204E-05  1.11377E-04  1.02934E-03  1.93229E-06
[CELL-DBG]   u_new       =  3.36028E-05  8.51503E-05  4.74160E-05  2.34414E-05  9.84120E-05  1.04231E-03  1.98151E-08
[CELL-DBG]   contrib_eq  = -1.92761E-08  1.08420E-19 -5.94671E-17  3.16343E-17  7.90228E-15  1.92761E-08  8.42592E-15 -1.92761E-08
[CELL-DBG]   contrib_kin =  3.34310E-06  0.00000E+00 -8.02295E-06  4.01148E-06 -1.13661E-05  1.13661E-05 -1.33736E-06  0.00000E+00
[CELL-DBG]   min amnt_eq =
[CELL-DBG]   aq re_mean  = -1.94202E-06
[CELL-DBG]   min re_mean =
[CELL-DBG]   aq rk_mean  =  1.34736E-04  1.01037E-03
[CELL-DBG]   min rk_mean =
[CELL-DBG]   aq rk_new   =  8.85907E-05  1.04641E-03
[CELL-DBG]   aq rk_old   =  1.80881E-04  9.74326E-04
[CELL-DBG]   min rk_new  =
[CELL-DBG]   min rk_old  =
[CELL-DBG] step=8 cell=3
[CELL-DBG]   species     =           h+          cl-         no3-    n2(aq)(p)     ch2o(aq)        hco3-       o2(aq)        co3-2
[CELL-DBG]   c_mix       =  1.82113E-05  4.63882E-05  3.19866E-05  1.19689E-05  5.97035E-05  1.02172E-03  4.86645E-10  8.33159E-09
[CELL-DBG]   c_tilde     =  1.72170E-05  4.63882E-05  3.40190E-05  1.09527E-05  6.27302E-05  1.01869E-03  4.86645E-07  8.33159E-09
[CELL-DBG]   c_new       =  1.86105E-05  4.63882E-05  3.03685E-05  1.27779E-05  5.76804E-05  1.02374E-03  3.33119E-11  2.58008E-09
[CELL-DBG]   u_mix       =  1.82029E-05  4.63882E-05  3.19866E-05  1.19689E-05  5.97035E-05  1.02172E-03  4.86645E-10
[CELL-DBG]   u_tilde     =  1.72087E-05  4.63882E-05  3.40190E-05  1.09527E-05  6.27302E-05  1.01870E-03  4.86645E-07
[CELL-DBG]   u_new       =  1.86079E-05  4.63882E-05  3.03685E-05  1.27779E-05  5.76804E-05  1.02375E-03  3.33119E-11
[CELL-DBG]   contrib_eq  = -5.75150E-09 -3.38813E-20  9.03806E-21  1.41157E-20  6.52744E-19  5.75150E-09  7.29551E-19 -5.75150E-09
[CELL-DBG]   contrib_kin =  9.74996E-07  0.00000E+00 -3.04208E-06  1.52104E-06 -4.01707E-06  4.01707E-06 -2.14477E-07  0.00000E+00
[CELL-DBG]   min amnt_eq =
[CELL-DBG]   aq re_mean  = -5.76203E-07
[CELL-DBG]   min re_mean =
[CELL-DBG]   aq rk_mean  =  2.14870E-05  3.80955E-04
[CELL-DBG]   min rk_mean =
[CELL-DBG]   aq rk_new   =  9.08326E-08  4.05263E-04
[CELL-DBG]   aq rk_old   =  4.28831E-05  3.56647E-04
[CELL-DBG]   min rk_new  =
[CELL-DBG]   min rk_old  =
[CELL-DBG] step=8 cell=4
[CELL-DBG]   species     =           h+          cl-         no3-    n2(aq)(p)     ch2o(aq)        hco3-       o2(aq)        co3-2
[CELL-DBG]   c_mix       =  9.56125E-06  2.35903E-05  2.12375E-05  6.05842E-06  3.48552E-05  1.01169E-03  1.24156E-10  8.22673E-09
[CELL-DBG]   c_tilde     =  9.26108E-06  2.35903E-05  2.19421E-05  5.70614E-06  3.58600E-05  1.01069E-03  1.24156E-07  8.22673E-09
[CELL-DBG]   c_new       =  9.72291E-06  2.35903E-05  2.05780E-05  6.38820E-06  3.40307E-05  1.01252E-03  1.34607E-11  4.88435E-09
[CELL-DBG]   u_mix       =  9.55302E-06  2.35903E-05  2.12375E-05  6.05842E-06  3.48552E-05  1.01170E-03  1.24156E-10
[CELL-DBG]   u_tilde     =  9.25285E-06  2.35903E-05  2.19421E-05  5.70614E-06  3.58600E-05  1.01069E-03  1.24156E-07
[CELL-DBG]   u_new       =  9.71802E-06  2.35903E-05  2.05780E-05  6.38820E-06  3.40307E-05  1.01252E-03  1.34607E-11
[CELL-DBG]   contrib_eq  = -3.34238E-09 -6.77626E-21 -1.48120E-17  7.40175E-18  4.63685E-15  3.34237E-09  5.22140E-15 -3.34238E-09
[CELL-DBG]   contrib_kin =  3.52299E-07  0.00000E+00 -1.20877E-06  6.04387E-07 -1.56107E-06  1.56107E-06 -5.01056E-08  0.00000E+00
[CELL-DBG]   min amnt_eq =
[CELL-DBG]   aq re_mean  = -3.34388E-07
[CELL-DBG]   min re_mean =
[CELL-DBG]   aq rk_mean  =  5.01282E-06  1.51165E-04
[CELL-DBG]   min rk_mean =
[CELL-DBG]   aq rk_new   =  2.21500E-08  1.64961E-04
[CELL-DBG]   aq rk_old   =  1.00035E-05  1.37369E-04
[CELL-DBG]   min rk_new  =
[CELL-DBG]   min rk_old  =
[CELL-DBG] step=8 cell=5
[CELL-DBG]   species     =           h+          cl-         no3-    n2(aq)(p)     ch2o(aq)        hco3-       o2(aq)        co3-2
[CELL-DBG]   c_mix       =  4.97648E-06  1.12944E-05  1.51382E-05  3.02163E-06  2.10762E-05  1.00666E-03  3.21756E-11  1.33424E-08
[CELL-DBG]   c_tilde     =  4.87665E-06  1.12944E-05  1.54089E-05  2.88625E-06  2.14468E-05  1.00629E-03  3.21756E-08  1.33424E-08
[CELL-DBG]   c_new       =  5.04569E-06  1.12944E-05  1.48455E-05  3.16796E-06  2.07103E-05  1.00703E-03  5.29919E-12  9.36094E-09
[CELL-DBG]   u_mix       =  4.96314E-06  1.12944E-05  1.51382E-05  3.02163E-06  2.10762E-05  1.00667E-03  3.21756E-11
[CELL-DBG]   u_tilde     =  4.86331E-06  1.12944E-05  1.54089E-05  2.88625E-06  2.14468E-05  1.00630E-03  3.21756E-08
[CELL-DBG]   u_new       =  5.03633E-06  1.12944E-05  1.48455E-05  3.16796E-06  2.07103E-05  1.00704E-03  5.29919E-12
[CELL-DBG]   contrib_eq  = -3.98148E-09 -3.38813E-21 -1.74055E-18  8.74088E-19  7.60822E-16  3.98148E-09  9.13444E-16 -3.98148E-09
[CELL-DBG]   contrib_kin =  1.45097E-07  0.00000E+00 -5.34593E-07  2.67297E-07 -6.79691E-07  6.79691E-07 -1.14491E-08  0.00000E+00
[CELL-DBG]   min amnt_eq =
[CELL-DBG]   aq re_mean  = -3.98192E-07
[CELL-DBG]   min re_mean =
[CELL-DBG]   aq rk_mean  =  1.14504E-06  6.68316E-05
[CELL-DBG]   min rk_mean =
[CELL-DBG]   aq rk_new   =  5.37605E-09  7.31751E-05
[CELL-DBG]   aq rk_old   =  2.28470E-06  6.04880E-05
[CELL-DBG]   min rk_new  =
[CELL-DBG]   min rk_old  =
[CELL-DBG] step=8 cell=6
[CELL-DBG]   species     =           h+          cl-         no3-    n2(aq)(p)     ch2o(aq)        hco3-       o2(aq)        co3-2
[CELL-DBG]   c_mix       =  2.73003E-06  5.13097E-06  1.18984E-05  1.59063E-06  1.39413E-05  1.00435E-03  8.45084E-12  2.20139E-08
[CELL-DBG]   c_tilde     =  2.69049E-06  5.13097E-06  1.20228E-05  1.52844E-06  1.41053E-05  1.00419E-03  8.45084E-09  2.20139E-08
[CELL-DBG]   c_new       =  2.76371E-06  5.13097E-06  1.17439E-05  1.66790E-06  1.37481E-05  1.00455E-03  1.92491E-12  1.70483E-08
[CELL-DBG]   u_mix       =  2.70802E-06  5.13097E-06  1.18984E-05  1.59063E-06  1.39413E-05  1.00438E-03  8.45084E-12
[CELL-DBG]   u_tilde     =  2.66848E-06  5.13097E-06  1.20228E-05  1.52844E-06  1.41053E-05  1.00421E-03  8.45084E-09
[CELL-DBG]   u_new       =  2.74666E-06  5.13097E-06  1.17439E-05  1.66790E-06  1.37481E-05  1.00457E-03  1.92491E-12
[CELL-DBG]   contrib_eq  = -4.96561E-09  8.47033E-22 -2.09965E-19  1.00112E-19  1.09695E-16  4.96561E-09  1.42373E-16 -4.96561E-09
[CELL-DBG]   contrib_kin =  7.44864E-08  0.00000E+00 -2.87559E-07  1.43779E-07 -3.62045E-07  3.62045E-07 -2.59663E-09  0.00000E+00
[CELL-DBG]   min amnt_eq =
[CELL-DBG]   aq re_mean  = -4.96575E-07
[CELL-DBG]   min re_mean =
[CELL-DBG]   aq rk_mean  =  2.59670E-07  3.59458E-05
[CELL-DBG]   min rk_mean =
[CELL-DBG]   aq rk_new   =  1.30525E-09  3.86364E-05
[CELL-DBG]   aq rk_old   =  5.18035E-07  3.32553E-05
[CELL-DBG]   min rk_new  =
[CELL-DBG]   min rk_old  =
[CELL-DBG] step=8 cell=7
[CELL-DBG]   species     =           h+          cl-         no3-    n2(aq)(p)     ch2o(aq)        hco3-       o2(aq)        co3-2
[CELL-DBG]   c_mix       =  1.69726E-06  2.22791E-06  1.02951E-05  9.55276E-07  1.04840E-05  1.00336E-03  2.23493E-12  3.21104E-08
[CELL-DBG]   c_tilde     =  1.67687E-06  2.22791E-06  1.03677E-05  9.18958E-07  1.05771E-05  1.00327E-03  2.23493E-09  3.21104E-08
[CELL-DBG]   c_new       =  1.71788E-06  2.22791E-06  1.01938E-05  1.00594E-06  1.03574E-05  1.00349E-03  6.29993E-13  2.73981E-08
[CELL-DBG]   u_mix       =  1.66515E-06  2.22791E-06  1.02951E-05  9.55276E-07  1.04840E-05  1.00339E-03  2.23493E-12
[CELL-DBG]   u_tilde     =  1.64476E-06  2.22791E-06  1.03677E-05  9.18958E-07  1.05771E-05  1.00330E-03  2.23493E-09
[CELL-DBG]   u_new       =  1.69048E-06  2.22791E-06  1.01938E-05  1.00594E-06  1.03574E-05  1.00352E-03  6.29993E-13
[CELL-DBG]   contrib_eq  = -4.71223E-09  1.69407E-21 -1.08374E-17  5.41656E-18  6.88975E-15  4.71222E-09  9.59695E-15 -4.71223E-09
[CELL-DBG]   contrib_kin =  4.91338E-08  0.00000E+00 -1.94140E-07  9.70700E-08 -2.43274E-07  2.43274E-07 -5.98804E-10  0.00000E+00
[CELL-DBG]   min amnt_eq =
[CELL-DBG]   aq re_mean  = -4.71226E-07
[CELL-DBG]   min re_mean =
[CELL-DBG]   aq rk_mean  =  5.98808E-08  2.42677E-05
[CELL-DBG]   min rk_mean =
[CELL-DBG]   aq rk_new   =  3.22909E-10  2.53328E-05
[CELL-DBG]   aq rk_old   =  1.19439E-07  2.32025E-05
[CELL-DBG]   min rk_new  =
[CELL-DBG]   min rk_old  =
[CELL-DBG] step=8 cell=8
[CELL-DBG]   species     =           h+          cl-         no3-    n2(aq)(p)     ch2o(aq)        hco3-       o2(aq)        co3-2
[CELL-DBG]   c_mix       =  1.24709E-06  9.33365E-07  9.55447E-06  6.84782E-07  8.91028E-06  1.00295E-03  5.91940E-13  4.05711E-08
[CELL-DBG]   c_tilde     =  1.23314E-06  9.33365E-07  9.60792E-06  6.58057E-07  8.97768E-06  1.00288E-03  5.91940E-10  4.05711E-08
[CELL-DBG]   c_new       =  1.26380E-06  9.33365E-07  9.47426E-06  7.24886E-07  8.81002E-06  1.00305E-03  1.86531E-13  3.72259E-08
[CELL-DBG]   u_mix       =  1.20652E-06  9.33365E-07  9.55447E-06  6.84782E-07  8.91028E-06  1.00299E-03  5.91940E-13
[CELL-DBG]   u_tilde     =  1.19257E-06  9.33365E-07  9.60792E-06  6.58057E-07  8.97768E-06  1.00292E-03  5.91940E-10
[CELL-DBG]   u_new       =  1.22657E-06  9.33365E-07  9.47426E-06  7.24886E-07  8.81002E-06  1.00309E-03  1.86531E-13
[CELL-DBG]   contrib_eq  = -3.34523E-09  5.29396E-22 -1.83533E-18  9.19784E-19  1.25868E-15  3.34523E-09  1.83855E-15 -3.34523E-09
[CELL-DBG]   contrib_kin =  3.95601E-08  0.00000E+00 -1.57673E-07  7.88364E-08 -1.97233E-07  1.97233E-07 -1.41902E-10  0.00000E+00
[CELL-DBG]   min amnt_eq =
[CELL-DBG]   aq re_mean  = -3.34524E-07
[CELL-DBG]   min re_mean =
[CELL-DBG]   aq rk_mean  =  1.41903E-08  1.97091E-05
[CELL-DBG]   min rk_mean =
[CELL-DBG]   aq rk_new   =  8.14496E-11  2.00517E-05
[CELL-DBG]   aq rk_old   =  2.82991E-08  1.93666E-05
[CELL-DBG]   min rk_new  =
[CELL-DBG]   min rk_old  =
[CELL-DBG] step=8 cell=9
[CELL-DBG]   species     =           h+          cl-         no3-    n2(aq)(p)     ch2o(aq)        hco3-       o2(aq)        co3-2
[CELL-DBG]   c_mix       =  1.06116E-06  3.89527E-07  9.23744E-06  5.74098E-07  8.24177E-06  1.00278E-03  1.58323E-13  4.58376E-08
[CELL-DBG]   c_tilde     =  1.04949E-06  3.89527E-07  9.28350E-06  5.51066E-07  8.29951E-06  1.00272E-03  1.58323E-10  4.58376E-08
[CELL-DBG]   c_new       =  1.07696E-06  3.89527E-07  9.16560E-06  6.10015E-07  8.15198E-06  1.00287E-03  5.25148E-14  4.36762E-08
[CELL-DBG]   u_mix       =  1.01532E-06  3.89527E-07  9.23744E-06  5.74098E-07  8.24177E-06  1.00282E-03  1.58323E-13
[CELL-DBG]   u_tilde     =  1.00365E-06  3.89527E-07  9.28350E-06  5.51066E-07  8.29951E-06  1.00277E-03  1.58323E-10
[CELL-DBG]   u_new       =  1.03328E-06  3.89527E-07  9.16560E-06  6.10015E-07  8.15198E-06  1.00291E-03  5.25148E-14
[CELL-DBG]   contrib_eq  = -2.16138E-09 -2.11758E-22 -3.28811E-19  1.65994E-19  2.34637E-16  2.16138E-09  3.51330E-16 -2.16138E-09
[CELL-DBG]   contrib_kin =  3.59069E-08  0.00000E+00 -1.43489E-07  7.17444E-08 -1.79396E-07  1.79396E-07 -3.46786E-11  0.00000E+00
[CELL-DBG]   min amnt_eq =
[CELL-DBG]   aq re_mean  = -2.16138E-07
[CELL-DBG]   min re_mean =
[CELL-DBG]   aq rk_mean  =  3.46787E-09  1.79361E-05
[CELL-DBG]   min rk_mean =
[CELL-DBG]   aq rk_new   =  2.12319E-11  1.79588E-05
[CELL-DBG]   aq rk_old   =  6.91450E-09  1.79134E-05
[CELL-DBG]   min rk_new  =
[CELL-DBG]   min rk_old  =
[CELL-DBG] step=8 cell=10
[CELL-DBG]   species     =           h+          cl-         no3-    n2(aq)(p)     ch2o(aq)        hco3-       o2(aq)        co3-2
[CELL-DBG]   c_mix       =  9.94576E-07  1.93250E-07  9.12278E-06  5.34269E-07  8.00021E-06  1.00272E-03  5.04527E-14  4.81956E-08
[CELL-DBG]   c_tilde     =  9.83720E-07  1.93250E-07  9.16600E-06  5.12660E-07  8.05428E-06  1.00266E-03  5.04527E-11  4.81956E-08
[CELL-DBG]   c_new       =  1.01017E-06  1.93250E-07  9.05388E-06  5.68720E-07  7.91408E-06  1.00280E-03  1.80078E-14  4.65611E-08
[CELL-DBG]   u_mix       =  9.46380E-07  1.93250E-07  9.12278E-06  5.34269E-07  8.00021E-06  1.00276E-03  5.04527E-14
[CELL-DBG]   u_tilde     =  9.35525E-07  1.93250E-07  9.16600E-06  5.12660E-07  8.05428E-06  1.00271E-03  5.04527E-11
[CELL-DBG]   u_new       =  9.63605E-07  1.93250E-07  9.05388E-06  5.68720E-07  7.91408E-06  1.00285E-03  1.80078E-14
[CELL-DBG]   contrib_eq  = -1.63456E-09 -7.94093E-23 -2.68492E-18  1.33992E-18  1.92060E-15  1.63456E-09  2.90405E-15 -1.63456E-09
[CELL-DBG]   contrib_kin =  3.46614E-08  0.00000E+00 -1.38605E-07  6.93025E-08 -1.73266E-07  1.73266E-07 -1.01864E-11  0.00000E+00
[CELL-DBG]   min amnt_eq =
[CELL-DBG]   aq re_mean  = -1.63456E-07
[CELL-DBG]   min re_mean =
[CELL-DBG]   aq rk_mean  =  1.01864E-09  1.73256E-05
[CELL-DBG]   min rk_mean =
[CELL-DBG]   aq rk_new   =  7.06980E-12  1.72255E-05
[CELL-DBG]   aq rk_old   =  2.03021E-09  1.74258E-05
[CELL-DBG]   min rk_new  =
[CELL-DBG]   min rk_old  =
[CELL-DBG] step=9 cell=1
[CELL-DBG]   species     =           h+          cl-         no3-    n2(aq)(p)     ch2o(aq)        hco3-       o2(aq)        co3-2
[CELL-DBG]   c_mix       =  5.34886E-05  1.55479E-04  8.97610E-05  3.70815E-05  1.91126E-04  1.05710E-03  4.59957E-06  7.71284E-08
[CELL-DBG]   c_tilde     =  4.80561E-05  1.55479E-04  9.90228E-05  3.24506E-05  2.05820E-04  1.04240E-03  7.71665E-06  7.71284E-08
[CELL-DBG]   c_new       =  6.06720E-05  1.55479E-04  7.86131E-05  4.26555E-05  1.72719E-04  1.07558E-03  1.26841E-07  8.31484E-10
[CELL-DBG]   u_mix       =  5.34115E-05  1.55479E-04  8.97610E-05  3.70815E-05  1.91126E-04  1.05717E-03  4.59957E-06
[CELL-DBG]   u_tilde     =  4.79790E-05  1.55479E-04  9.90228E-05  3.24506E-05  2.05820E-04  1.04248E-03  7.71665E-06
[CELL-DBG]   u_new       =  6.06712E-05  1.55479E-04  7.86131E-05  4.26555E-05  1.72719E-04  1.07558E-03  1.26841E-07
[CELL-DBG]   contrib_eq  = -7.62969E-08  5.42101E-20 -3.23337E-20  1.11035E-19 -1.97239E-20  7.62969E-08  3.70144E-21 -7.62969E-08
[CELL-DBG]   contrib_kin =  1.39054E-05  0.00000E+00 -2.20732E-05  1.10366E-05 -3.59785E-05  3.59785E-05 -8.38709E-06  0.00000E+00
[CELL-DBG]   min amnt_eq =
[CELL-DBG]   aq re_mean  = -7.86692E-06
[CELL-DBG]   min re_mean =
[CELL-DBG]   aq rk_mean  =  8.64786E-04  2.84493E-03
[CELL-DBG]   min rk_mean =
[CELL-DBG]   aq rk_new   =  9.22359E-04  2.87364E-03
[CELL-DBG]   aq rk_old   =  8.07214E-04  2.81623E-03
[CELL-DBG]   min rk_new  =
[CELL-DBG]   min rk_old  =
[CELL-DBG] step=9 cell=2
[CELL-DBG]   species     =           h+          cl-         no3-    n2(aq)(p)     ch2o(aq)        hco3-       o2(aq)        co3-2
[CELL-DBG]   c_mix       =  3.65363E-05  9.49851E-05  5.18703E-05  2.60825E-05  1.09767E-04  1.04598E-03  8.84034E-07  2.04116E-08
[CELL-DBG]   c_tilde     =  3.42682E-05  9.49851E-05  5.68355E-05  2.35999E-05  1.17000E-04  1.03874E-03  1.91085E-06  2.04116E-08
[CELL-DBG]   c_new       =  3.84545E-05  9.49851E-05  4.75111E-05  2.82621E-05  1.03471E-04  1.05229E-03  3.65555E-08  1.28348E-09
[CELL-DBG]   u_mix       =  3.65159E-05  9.49851E-05  5.18703E-05  2.60825E-05  1.09767E-04  1.04600E-03  8.84034E-07
[CELL-DBG]   u_tilde     =  3.42478E-05  9.49851E-05  5.68355E-05  2.35999E-05  1.17000E-04  1.03876E-03  1.91085E-06
[CELL-DBG]   u_new       =  3.84532E-05  9.49851E-05  4.75111E-05  2.82621E-05  1.03471E-04  1.05229E-03  3.65555E-08
[CELL-DBG]   contrib_eq  = -1.91281E-08 -5.42101E-20 -8.10610E-21  1.76056E-20 -3.42820E-20  1.91281E-08  2.06351E-20 -1.91281E-08
[CELL-DBG]   contrib_kin =  3.41559E-06  0.00000E+00 -8.51378E-06  4.25689E-06 -1.19294E-05  1.19294E-05 -1.28714E-06  0.00000E+00
[CELL-DBG]   min amnt_eq =
[CELL-DBG]   aq re_mean  = -1.92711E-06
[CELL-DBG]   min re_mean =
[CELL-DBG]   aq rk_mean  =  1.29677E-04  1.07218E-03
[CELL-DBG]   min rk_mean =
[CELL-DBG]   aq rk_new   =  1.70763E-04  1.09795E-03
[CELL-DBG]   aq rk_old   =  8.85907E-05  1.04641E-03
[CELL-DBG]   min rk_new  =
[CELL-DBG]   min rk_old  =
[CELL-DBG] step=9 cell=3
[CELL-DBG]   species     =           h+          cl-         no3-    n2(aq)(p)     ch2o(aq)        hco3-       o2(aq)        co3-2
[CELL-DBG]   c_mix       =  2.15961E-05  5.40048E-05  3.27279E-05  1.53684E-05  6.46595E-05  1.02841E-03  2.17320E-07  7.61085E-09
[CELL-DBG]   c_tilde     =  2.07762E-05  5.40048E-05  3.49957E-05  1.42345E-05  6.77472E-05  1.02532E-03  4.70323E-07  7.61085E-09
[CELL-DBG]   c_new       =  2.22373E-05  5.40048E-05  3.09549E-05  1.62549E-05  6.22399E-05  1.03084E-03  1.39297E-08  2.17424E-09
[CELL-DBG]   u_mix       =  2.15885E-05  5.40048E-05  3.27279E-05  1.53684E-05  6.46595E-05  1.02842E-03  2.17320E-07
[CELL-DBG]   u_tilde     =  2.07686E-05  5.40048E-05  3.49957E-05  1.42345E-05  6.77472E-05  1.02533E-03  4.70323E-07
[CELL-DBG]   u_new       =  2.22352E-05  5.40048E-05  3.09549E-05  1.62549E-05  6.22399E-05  1.03084E-03  1.39297E-08
[CELL-DBG]   contrib_eq  = -5.43662E-09  6.09864E-20 -2.58329E-21  2.55402E-19  5.58461E-19  5.43662E-09  6.78052E-19 -5.43662E-09
[CELL-DBG]   contrib_kin =  1.05162E-06  0.00000E+00 -3.39110E-06  1.69555E-06 -4.44272E-06  4.44272E-06 -2.03843E-07  0.00000E+00
[CELL-DBG]   min amnt_eq =
[CELL-DBG]   aq re_mean  = -5.44657E-07
[CELL-DBG]   min re_mean =
[CELL-DBG]   aq rk_mean  =  2.04217E-05  4.24664E-04
[CELL-DBG]   min rk_mean =
[CELL-DBG]   aq rk_new   =  4.07525E-05  4.44064E-04
[CELL-DBG]   aq rk_old   =  9.08326E-08  4.05263E-04
[CELL-DBG]   min rk_new  =
[CELL-DBG]   min rk_old  =
[CELL-DBG] step=9 cell=4
[CELL-DBG]   species     =           h+          cl-         no3-    n2(aq)(p)     ch2o(aq)        hco3-       o2(aq)        co3-2
[CELL-DBG]   c_mix       =  1.18727E-05  2.87546E-05  2.20455E-05  8.21075E-06  3.85035E-05  1.01594E-03  5.34271E-08  6.70156E-09
[CELL-DBG]   c_tilde     =  1.15632E-05  2.87546E-05  2.30338E-05  7.71660E-06  3.98013E-05  1.01465E-03  1.15765E-07  6.70156E-09
[CELL-DBG]   c_new       =  1.21056E-05  2.87546E-05  2.12952E-05  8.58594E-06  3.75174E-05  1.01693E-03  5.32603E-09  3.94009E-09
[CELL-DBG]   u_mix       =  1.18659E-05  2.87546E-05  2.20455E-05  8.21075E-06  3.85035E-05  1.01595E-03  5.34271E-08
[CELL-DBG]   u_tilde     =  1.15565E-05  2.87546E-05  2.30338E-05  7.71660E-06  3.98013E-05  1.01465E-03  1.15765E-07
[CELL-DBG]   u_new       =  1.21016E-05  2.87546E-05  2.12952E-05  8.58594E-06  3.75174E-05  1.01694E-03  5.32603E-09
[CELL-DBG]   contrib_eq  = -2.76147E-09  5.42101E-20  1.17930E-20  1.89654E-18  3.52914E-20  2.76147E-09  2.81072E-20 -2.76147E-09
[CELL-DBG]   contrib_kin =  4.00696E-07  0.00000E+00 -1.40994E-06  7.04968E-07 -1.81063E-06  1.81063E-06 -4.82118E-08  0.00000E+00
[CELL-DBG]   min amnt_eq =
[CELL-DBG]   aq re_mean  = -2.76271E-07
[CELL-DBG]   min re_mean =
[CELL-DBG]   aq rk_mean  =  4.82335E-06  1.76321E-04
[CELL-DBG]   min rk_mean =
[CELL-DBG]   aq rk_new   =  9.62455E-06  1.87682E-04
[CELL-DBG]   aq rk_old   =  2.21500E-08  1.64961E-04
[CELL-DBG]   min rk_new  =
[CELL-DBG]   min rk_old  =
[CELL-DBG] step=9 cell=5
[CELL-DBG]   species     =           h+          cl-         no3-    n2(aq)(p)     ch2o(aq)        hco3-       o2(aq)        co3-2
[CELL-DBG]   c_mix       =  6.34846E-06  1.44367E-05  1.58371E-05  4.22761E-06  2.35358E-05  1.00901E-03  1.31363E-08  1.04787E-08
[CELL-DBG]   c_tilde     =  6.22347E-06  1.44367E-05  1.62756E-05  4.00834E-06  2.40993E-05  1.00844E-03  2.84957E-08  1.04787E-08
[CELL-DBG]   c_new       =  6.44152E-06  1.44367E-05  1.54970E-05  4.39767E-06  2.30995E-05  1.00945E-03  1.97754E-09  7.35012E-09
[CELL-DBG]   u_mix       =  6.33798E-06  1.44367E-05  1.58371E-05  4.22761E-06  2.35358E-05  1.00902E-03  1.31363E-08
[CELL-DBG]   u_tilde     =  6.21299E-06  1.44367E-05  1.62756E-05  4.00834E-06  2.40993E-05  1.00845E-03  2.84957E-08
[CELL-DBG]   u_new       =  6.43417E-06  1.44367E-05  1.54970E-05  4.39767E-06  2.30995E-05  1.00945E-03  1.97754E-09
[CELL-DBG]   contrib_eq  = -3.12854E-09  2.77827E-19  1.12944E-20  4.57934E-18  7.75054E-21  3.12854E-09  5.36178E-22 -3.12854E-09
[CELL-DBG]   contrib_kin =  1.69382E-07  0.00000E+00 -6.32786E-07  3.16393E-07 -8.02168E-07  8.02168E-07 -1.11856E-08  0.00000E+00
[CELL-DBG]   min amnt_eq =
[CELL-DBG]   aq re_mean  = -3.12889E-07
[CELL-DBG]   min re_mean =
[CELL-DBG]   aq rk_mean  =  1.11869E-06  7.91070E-05
[CELL-DBG]   min rk_mean =
[CELL-DBG]   aq rk_new   =  2.23200E-06  8.50389E-05
[CELL-DBG]   aq rk_old   =  5.37605E-09  7.31751E-05
[CELL-DBG]   min rk_new  =
[CELL-DBG]   min rk_old  =
[CELL-DBG] step=9 cell=6
[CELL-DBG]   species     =           h+          cl-         no3-    n2(aq)(p)     ch2o(aq)        hco3-       o2(aq)        co3-2
[CELL-DBG]   c_mix       =  3.47847E-06  6.88071E-06  1.23547E-05  2.22860E-06  1.53908E-05  1.00559E-03  3.23030E-09  1.75947E-08
[CELL-DBG]   c_tilde     =  3.42103E-06  6.88071E-06  1.25693E-05  2.12128E-06  1.56629E-05  1.00531E-03  7.01464E-09  1.75947E-08
[CELL-DBG]   c_new       =  3.52097E-06  6.88071E-06  1.21781E-05  2.31690E-06  1.51675E-05  1.00581E-03  6.82238E-10  1.33984E-08
[CELL-DBG]   u_mix       =  3.46088E-06  6.88071E-06  1.23547E-05  2.22860E-06  1.53908E-05  1.00560E-03  3.23030E-09
[CELL-DBG]   u_tilde     =  3.40343E-06  6.88071E-06  1.25693E-05  2.12128E-06  1.56629E-05  1.00533E-03  7.01464E-09
[CELL-DBG]   u_new       =  3.50758E-06  6.88071E-06  1.21781E-05  2.31690E-06  1.51675E-05  1.00583E-03  6.82238E-10
[CELL-DBG]   contrib_eq  = -4.19627E-09  1.36118E-18 -1.47566E-21  2.46391E-18  1.23931E-21  4.19627E-09  3.86896E-24 -4.19627E-09
[CELL-DBG]   contrib_kin =  8.53413E-08  0.00000E+00 -3.31147E-07  1.65573E-07 -4.16488E-07  4.16488E-07 -2.55459E-09  0.00000E+00
[CELL-DBG]   min amnt_eq =
[CELL-DBG]   aq re_mean  = -4.19639E-07
[CELL-DBG]   min re_mean =
[CELL-DBG]   aq rk_mean  =  2.55466E-07  4.13945E-05
[CELL-DBG]   min rk_mean =
[CELL-DBG]   aq rk_new   =  5.09626E-07  4.41525E-05
[CELL-DBG]   aq rk_old   =  1.30525E-09  3.86364E-05
[CELL-DBG]   min rk_new  =
[CELL-DBG]   min rk_old  =
[CELL-DBG] step=9 cell=7
[CELL-DBG]   species     =           h+          cl-         no3-    n2(aq)(p)     ch2o(aq)        hco3-       o2(aq)        co3-2
[CELL-DBG]   c_mix       =  2.08564E-06  3.13401E-06  1.05200E-05  1.29135E-06  1.12195E-05  1.00402E-03  7.94466E-10  2.68979E-08
[CELL-DBG]   c_tilde     =  2.05337E-06  3.13401E-06  1.06453E-05  1.22868E-06  1.13771E-05  1.00386E-03  1.72691E-09  2.68979E-08
[CELL-DBG]   c_new       =  2.10931E-06  3.13401E-06  1.04093E-05  1.34667E-06  1.10806E-05  1.00416E-03  2.12440E-10  2.23287E-08
[CELL-DBG]   u_mix       =  2.05874E-06  3.13401E-06  1.05200E-05  1.29135E-06  1.12195E-05  1.00404E-03  7.94466E-10
[CELL-DBG]   u_tilde     =  2.02647E-06  3.13401E-06  1.06453E-05  1.22868E-06  1.13771E-05  1.00389E-03  1.72691E-09
[CELL-DBG]   u_new       =  2.08698E-06  3.13401E-06  1.04093E-05  1.34667E-06  1.10806E-05  1.00418E-03  2.12440E-10
[CELL-DBG]   contrib_eq  = -4.56922E-09 -2.11758E-21 -5.04252E-19  2.52126E-19  3.12402E-16  4.56922E-09  4.27304E-16 -4.56922E-09
[CELL-DBG]   contrib_kin =  5.35755E-08  0.00000E+00 -2.11967E-07  1.05984E-07 -2.65543E-07  2.65543E-07 -5.83640E-10  0.00000E+00
[CELL-DBG]   min amnt_eq =
[CELL-DBG]   aq re_mean  = -4.56925E-07
[CELL-DBG]   min re_mean =
[CELL-DBG]   aq rk_mean  =  5.83644E-08  2.64961E-05
[CELL-DBG]   min rk_mean =
[CELL-DBG]   aq rk_new   =  1.16406E-07  2.76595E-05
[CELL-DBG]   aq rk_old   =  3.22909E-10  2.53328E-05
[CELL-DBG]   min rk_new  =
[CELL-DBG]   min rk_old  =
[CELL-DBG] step=9 cell=8
[CELL-DBG]   species     =           h+          cl-         no3-    n2(aq)(p)     ch2o(aq)        hco3-       o2(aq)        co3-2
[CELL-DBG]   c_mix       =  1.44730E-06  1.37737E-06  9.61723E-06  8.73180E-07  9.21118E-06  1.00333E-03  1.95518E-10  3.58638E-08
[CELL-DBG]   c_tilde     =  1.42462E-06  1.37737E-06  9.70705E-06  8.28272E-07  9.32368E-06  1.00322E-03  4.25406E-10  3.58638E-08
[CELL-DBG]   c_new       =  1.46456E-06  1.37737E-06  9.53382E-06  9.14886E-07  9.10678E-06  1.00344E-03  6.00461E-11  3.21353E-08
[CELL-DBG]   u_mix       =  1.41144E-06  1.37737E-06  9.61723E-06  8.73180E-07  9.21118E-06  1.00336E-03  1.95518E-10
[CELL-DBG]   u_tilde     =  1.38875E-06  1.37737E-06  9.70705E-06  8.28272E-07  9.32368E-06  1.00325E-03  4.25406E-10
[CELL-DBG]   u_new       =  1.43243E-06  1.37737E-06  9.53382E-06  9.14886E-07  9.10678E-06  1.00347E-03  6.00461E-11
[CELL-DBG]   contrib_eq  = -3.72854E-09  1.05879E-21 -2.33986E-19  1.16252E-19  1.58797E-16  3.72854E-09  2.29614E-16 -3.72854E-09
[CELL-DBG]   contrib_kin =  4.10403E-08  0.00000E+00 -1.63618E-07  8.18088E-08 -2.04658E-07  2.04658E-07 -1.35879E-10  0.00000E+00
[CELL-DBG]   min amnt_eq =
[CELL-DBG]   aq re_mean  = -3.72855E-07
[CELL-DBG]   min re_mean =
[CELL-DBG]   aq rk_mean  =  1.35879E-08  2.04522E-05
[CELL-DBG]   min rk_mean =
[CELL-DBG]   aq rk_new   =  2.70944E-08  2.08528E-05
[CELL-DBG]   aq rk_old   =  8.14496E-11  2.00517E-05
[CELL-DBG]   min rk_new  =
[CELL-DBG]   min rk_old  =
[CELL-DBG] step=9 cell=9
[CELL-DBG]   species     =           h+          cl-         no3-    n2(aq)(p)     ch2o(aq)        hco3-       o2(aq)        co3-2
[CELL-DBG]   c_mix       =  1.17191E-06  6.04250E-07  9.20679E-06  6.95708E-07  8.31100E-06  1.00304E-03  4.86246E-11  4.21894E-08
[CELL-DBG]   c_tilde     =  1.15289E-06  6.04250E-07  9.28264E-06  6.57785E-07  8.40586E-06  1.00295E-03  1.05906E-10  4.21894E-08
[CELL-DBG]   c_new       =  1.18742E-06  6.04250E-07  9.13460E-06  7.31804E-07  8.22072E-06  1.00313E-03  1.60033E-11  3.96235E-08
[CELL-DBG]   u_mix       =  1.12972E-06  6.04250E-07  9.20679E-06  6.95708E-07  8.31100E-06  1.00308E-03  4.86246E-11
[CELL-DBG]   u_tilde     =  1.11070E-06  6.04250E-07  9.28264E-06  6.57785E-07  8.40586E-06  1.00299E-03  1.05906E-10
[CELL-DBG]   u_new       =  1.14780E-06  6.04250E-07  9.13460E-06  7.31804E-07  8.22072E-06  1.00317E-03  1.60033E-11
[CELL-DBG]   contrib_eq  = -2.56591E-09  6.85723E-17 -6.65101E-21  1.31380E-21  8.21210E-21  2.56591E-09  8.98633E-26 -2.56591E-09
[CELL-DBG]   contrib_kin =  3.60398E-08  0.00000E+00 -1.44028E-07  7.20141E-08 -1.80068E-07  1.80068E-07 -3.27275E-11  0.00000E+00
[CELL-DBG]   min amnt_eq =
[CELL-DBG]   aq re_mean  = -2.56591E-07
[CELL-DBG]   min re_mean =
[CELL-DBG]   aq rk_mean  =  3.27275E-09  1.80035E-05
[CELL-DBG]   min rk_mean =
[CELL-DBG]   aq rk_new   =  6.52428E-09  1.80482E-05
[CELL-DBG]   aq rk_old   =  2.12319E-11  1.79588E-05
[CELL-DBG]   min rk_new  =
[CELL-DBG]   min rk_old  =
[CELL-DBG] step=9 cell=10
[CELL-DBG]   species     =           h+          cl-         no3-    n2(aq)(p)     ch2o(aq)        hco3-       o2(aq)        co3-2
[CELL-DBG]   c_mix       =  1.07014E-06  3.14814E-07  9.05058E-06  6.30541E-07  7.97082E-06  1.00293E-03  1.43697E-11  4.52680E-08
[CELL-DBG]   c_tilde     =  1.05238E-06  3.14814E-07  9.12154E-06  5.95063E-07  8.05954E-06  1.00285E-03  3.13371E-11  4.52680E-08
[CELL-DBG]   c_new       =  1.08526E-06  3.14814E-07  8.98247E-06  6.64599E-07  7.88567E-06  1.00302E-03  4.86126E-12  4.33489E-08
[CELL-DBG]   u_mix       =  1.02487E-06  3.14814E-07  9.05058E-06  6.30541E-07  7.97082E-06  1.00298E-03  1.43697E-11
[CELL-DBG]   u_tilde     =  1.00711E-06  3.14814E-07  9.12154E-06  5.95063E-07  8.05954E-06  1.00289E-03  3.13371E-11
[CELL-DBG]   u_new       =  1.04191E-06  3.14814E-07  8.98247E-06  6.64599E-07  7.88567E-06  1.00306E-03  4.86126E-12
[CELL-DBG]   contrib_eq  = -1.91914E-09  1.58819E-22 -9.78335E-20  5.10343E-20  7.27850E-17  1.91914E-09  1.10196E-16 -1.91914E-09
[CELL-DBG]   contrib_kin =  3.42638E-08  0.00000E+00 -1.37017E-07  6.85085E-08 -1.71281E-07  1.71281E-07 -9.54393E-12  0.00000E+00
[CELL-DBG]   min amnt_eq =
[CELL-DBG]   aq re_mean  = -1.91914E-07
[CELL-DBG]   min re_mean =
[CELL-DBG]   aq rk_mean  =  9.54393E-10  1.71271E-05
[CELL-DBG]   min rk_mean =
[CELL-DBG]   aq rk_new   =  1.90172E-09  1.70288E-05
[CELL-DBG]   aq rk_old   =  7.06980E-12  1.72255E-05
[CELL-DBG]   min rk_new  =
[CELL-DBG]   min rk_old  =
[CELL-DBG] step=10 cell=1
[CELL-DBG]   species     =           h+          cl-         no3-    n2(aq)(p)     ch2o(aq)        hco3-       o2(aq)        co3-2
[CELL-DBG]   c_mix       =  5.91380E-05  1.65601E-04  8.92891E-05  4.23280E-05  1.95105E-04  1.06860E-03  4.10188E-06  7.70162E-08
[CELL-DBG]   c_tilde     =  5.31409E-05  1.65601E-04  9.87652E-05  3.75899E-05  2.10579E-04  1.05313E-03  7.72999E-06  7.70162E-08
[CELL-DBG]   c_new       =  6.58801E-05  1.65601E-04  7.79803E-05  4.79823E-05  1.76978E-04  1.08680E-03  1.10685E-07  7.73743E-10
[CELL-DBG]   u_mix       =  5.90610E-05  1.65601E-04  8.92891E-05  4.23280E-05  1.95105E-04  1.06868E-03  4.10188E-06
[CELL-DBG]   u_tilde     =  5.30638E-05  1.65601E-04  9.87652E-05  3.75899E-05  2.10579E-04  1.05320E-03  7.72999E-06
[CELL-DBG]   u_new       =  6.58794E-05  1.65601E-04  7.79803E-05  4.79823E-05  1.76978E-04  1.08680E-03  1.10685E-07
[CELL-DBG]   contrib_eq  = -7.62425E-08  8.13152E-20 -1.84485E-20  4.31056E-20  2.96040E-20  7.62425E-08  5.17970E-21 -7.62425E-08
[CELL-DBG]   contrib_kin =  1.40781E-05  0.00000E+00 -2.24567E-05  1.12283E-05 -3.65347E-05  3.65347E-05 -8.46392E-06  0.00000E+00
[CELL-DBG]   min amnt_eq =
[CELL-DBG]   aq re_mean  = -7.86131E-06
[CELL-DBG]   min re_mean =
[CELL-DBG]   aq rk_mean  =  8.72709E-04  2.89436E-03
[CELL-DBG]   min rk_mean =
[CELL-DBG]   aq rk_new   =  8.23059E-04  2.91508E-03
[CELL-DBG]   aq rk_old   =  9.22359E-04  2.87364E-03
[CELL-DBG]   min rk_new  =
[CELL-DBG]   min rk_old  =
[CELL-DBG] step=10 cell=2
[CELL-DBG]   species     =           h+          cl-         no3-    n2(aq)(p)     ch2o(aq)        hco3-       o2(aq)        co3-2
[CELL-DBG]   c_mix       =  4.16266E-05  1.04407E-04  5.17682E-05  3.07973E-05  1.13976E-04  1.05618E-03  5.04567E-07  2.01829E-08
[CELL-DBG]   c_tilde     =  3.89147E-05  1.04407E-04  5.69302E-05  2.82163E-05  1.21850E-04  1.04831E-03  1.92592E-06  2.01829E-08
[CELL-DBG]   c_new       =  4.32194E-05  1.04407E-04  4.72584E-05  3.30521E-05  1.07854E-04  1.06232E-03  2.00947E-08  1.15286E-09
[CELL-DBG]   u_mix       =  4.16064E-05  1.04407E-04  5.17682E-05  3.07973E-05  1.13976E-04  1.05620E-03  5.04567E-07
[CELL-DBG]   u_tilde     =  3.88945E-05  1.04407E-04  5.69302E-05  2.82163E-05  1.21850E-04  1.04833E-03  1.92592E-06
[CELL-DBG]   u_new       =  4.32183E-05  1.04407E-04  4.72584E-05  3.30521E-05  1.07854E-04  1.06232E-03  2.00947E-08
[CELL-DBG]   contrib_eq  = -1.90300E-08  4.06576E-20 -2.07575E-18  1.17340E-18  2.81935E-16  1.90300E-08  3.13782E-16 -1.90300E-08
[CELL-DBG]   contrib_kin =  3.54918E-06  0.00000E+00 -8.86892E-06  4.43446E-06 -1.24181E-05  1.24181E-05 -1.33195E-06  0.00000E+00
[CELL-DBG]   min amnt_eq =
[CELL-DBG]   aq re_mean  = -1.91723E-06
[CELL-DBG]   min re_mean =
[CELL-DBG]   aq rk_mean  =  1.34191E-04  1.11690E-03
[CELL-DBG]   min rk_mean =
[CELL-DBG]   aq rk_new   =  9.76189E-05  1.13586E-03
[CELL-DBG]   aq rk_old   =  1.70763E-04  1.09795E-03
[CELL-DBG]   min rk_new  =
[CELL-DBG]   min rk_old  =
[CELL-DBG] step=10 cell=3
[CELL-DBG]   species     =           h+          cl-         no3-    n2(aq)(p)     ch2o(aq)        hco3-       o2(aq)        co3-2
[CELL-DBG]   c_mix       =  2.54832E-05  6.15651E-05  3.30578E-05  1.89458E-05  6.86458E-05  1.03599E-03  7.07799E-09  7.10217E-09
[CELL-DBG]   c_tilde     =  2.44022E-05  6.15651E-05  3.54783E-05  1.77356E-05  7.21474E-05  1.03249E-03  4.82932E-07  7.10217E-09
[CELL-DBG]   c_new       =  2.59586E-05  6.15651E-05  3.11616E-05  1.98939E-05  6.62690E-05  1.03837E-03  4.28747E-10  1.87617E-09
[CELL-DBG]   u_mix       =  2.54761E-05  6.15651E-05  3.30578E-05  1.89458E-05  6.86458E-05  1.03600E-03  7.07799E-09
[CELL-DBG]   u_tilde     =  2.43951E-05  6.15651E-05  3.54783E-05  1.77356E-05  7.21474E-05  1.03250E-03  4.82932E-07
[CELL-DBG]   u_new       =  2.59567E-05  6.15651E-05  3.11616E-05  1.98939E-05  6.62690E-05  1.03837E-03  4.28747E-10
[CELL-DBG]   contrib_eq  = -5.22600E-09  5.42101E-20 -1.24194E-18  6.14194E-19  2.56647E-16  5.22600E-09  2.74875E-16 -5.22600E-09
[CELL-DBG]   contrib_kin =  1.12732E-06  0.00000E+00 -3.66913E-06  1.83457E-06 -4.79645E-06  4.79645E-06 -2.10039E-07  0.00000E+00
[CELL-DBG]   min amnt_eq =
[CELL-DBG]   aq re_mean  = -5.23557E-07
[CELL-DBG]   min re_mean =
[CELL-DBG]   aq rk_mean  =  2.10424E-05  4.59481E-04
[CELL-DBG]   min rk_mean =
[CELL-DBG]   aq rk_new   =  1.33228E-06  4.74898E-04
[CELL-DBG]   aq rk_old   =  4.07525E-05  4.44064E-04
[CELL-DBG]   min rk_new  =
[CELL-DBG]   min rk_old  =
[CELL-DBG] step=10 cell=4
[CELL-DBG]   species     =           h+          cl-         no3-    n2(aq)(p)     ch2o(aq)        hco3-       o2(aq)        co3-2
[CELL-DBG]   c_mix       =  1.44069E-05  3.41091E-05  2.27687E-05  1.04997E-05  4.20344E-05  1.02060E-03  1.22260E-10  5.61283E-09
[CELL-DBG]   c_tilde     =  1.40589E-05  3.41091E-05  2.36720E-05  1.00480E-05  4.32856E-05  1.01935E-03  1.22260E-07  5.61283E-09
[CELL-DBG]   c_new       =  1.46152E-05  3.41091E-05  2.19266E-05  1.09207E-05  4.09817E-05  1.02166E-03  1.12814E-11  3.27870E-09
[CELL-DBG]   u_mix       =  1.44013E-05  3.41091E-05  2.27687E-05  1.04997E-05  4.20344E-05  1.02061E-03  1.22260E-10
[CELL-DBG]   u_tilde     =  1.40533E-05  3.41091E-05  2.36720E-05  1.00480E-05  4.32856E-05  1.01936E-03  1.22260E-07
[CELL-DBG]   u_new       =  1.46119E-05  3.41091E-05  2.19266E-05  1.09207E-05  4.09817E-05  1.02166E-03  1.12814E-11
[CELL-DBG]   contrib_eq  = -2.33413E-09 -6.77626E-21 -1.10617E-17  5.53254E-18  3.24667E-15  2.33412E-09  3.59195E-15 -2.33413E-09
[CELL-DBG]   contrib_kin =  4.46321E-07  0.00000E+00 -1.59243E-06  7.96217E-07 -2.03876E-06  2.03876E-06 -4.82121E-08  0.00000E+00
[CELL-DBG]   min amnt_eq =
[CELL-DBG]   aq re_mean  = -2.33518E-07
[CELL-DBG]   min re_mean =
[CELL-DBG]   aq rk_mean  =  4.82338E-06  1.99144E-04
[CELL-DBG]   min rk_mean =
[CELL-DBG]   aq rk_new   =  2.22065E-08  2.10606E-04
[CELL-DBG]   aq rk_old   =  9.62455E-06  1.87682E-04
[CELL-DBG]   min rk_new  =
[CELL-DBG]   min rk_old  =
[CELL-DBG] step=10 cell=5
[CELL-DBG]   species     =           h+          cl-         no3-    n2(aq)(p)     ch2o(aq)        hco3-       o2(aq)        co3-2
[CELL-DBG]   c_mix       =  7.88846E-06  1.78538E-05  1.65185E-05  5.57838E-06  2.60849E-05  1.01169E-03  3.13454E-11  8.36864E-09
[CELL-DBG]   c_tilde     =  7.76736E-06  1.78538E-05  1.68776E-05  5.39880E-06  2.65652E-05  1.01121E-03  3.13454E-08  8.36864E-09
[CELL-DBG]   c_new       =  7.98394E-06  1.78538E-05  1.61270E-05  5.77413E-06  2.55955E-05  1.01218E-03  4.33047E-12  5.94620E-09
[CELL-DBG]   u_mix       =  7.88009E-06  1.78538E-05  1.65185E-05  5.57838E-06  2.60849E-05  1.01169E-03  3.13454E-11
[CELL-DBG]   u_tilde     =  7.75899E-06  1.78538E-05  1.68776E-05  5.39880E-06  2.65652E-05  1.01121E-03  3.13454E-08
[CELL-DBG]   u_new       =  7.97799E-06  1.78538E-05  1.61270E-05  5.77413E-06  2.55955E-05  1.01218E-03  4.33047E-12
[CELL-DBG]   contrib_eq  = -2.42244E-09 -3.38813E-21 -1.44412E-18  7.17822E-19  5.72563E-16  2.42244E-09  6.66409E-16 -2.42244E-09
[CELL-DBG]   contrib_kin =  1.94089E-07  0.00000E+00 -7.31612E-07  3.65806E-07 -9.25701E-07  9.25701E-07 -1.11858E-08  0.00000E+00
[CELL-DBG]   min amnt_eq =
[CELL-DBG]   aq re_mean  = -2.42271E-07
[CELL-DBG]   min re_mean =
[CELL-DBG]   aq rk_mean  =  1.11870E-06  9.14617E-05
[CELL-DBG]   min rk_mean =
[CELL-DBG]   aq rk_new   =  5.40371E-09  9.78844E-05
[CELL-DBG]   aq rk_old   =  2.23200E-06  8.50389E-05
[CELL-DBG]   min rk_new  =
[CELL-DBG]   min rk_old  =
[CELL-DBG] step=10 cell=6
[CELL-DBG]   species     =           h+          cl-         no3-    n2(aq)(p)     ch2o(aq)        hco3-       o2(aq)        co3-2
[CELL-DBG]   c_mix       =  4.35122E-06  8.87988E-06  1.28394E-05  2.97584E-06  1.69941E-05  1.00704E-03  8.14416E-12  1.40949E-08
[CELL-DBG]   c_tilde     =  4.30254E-06  8.87988E-06  1.30015E-05  2.89478E-06  1.72049E-05  1.00683E-03  8.14416E-09  1.40949E-08
[CELL-DBG]   c_new       =  4.39838E-06  8.87988E-06  1.26373E-05  3.07687E-06  1.67415E-05  1.00730E-03  1.59181E-12  1.07415E-08
[CELL-DBG]   u_mix       =  4.33712E-06  8.87988E-06  1.28394E-05  2.97584E-06  1.69941E-05  1.00706E-03  8.14416E-12
[CELL-DBG]   u_tilde     =  4.28845E-06  8.87988E-06  1.30015E-05  2.89478E-06  1.72049E-05  1.00685E-03  8.14416E-09
[CELL-DBG]   u_new       =  4.38764E-06  8.87988E-06  1.26373E-05  3.07687E-06  1.67415E-05  1.00731E-03  1.59181E-12
[CELL-DBG]   contrib_eq  = -3.35333E-09  0.00000E+00 -1.82901E-19  8.42507E-20  8.91727E-17  3.35333E-09  1.11094E-16 -3.35333E-09
[CELL-DBG]   contrib_kin =  9.72182E-08  0.00000E+00 -3.78654E-07  1.89327E-07 -4.75873E-07  4.75873E-07 -2.55461E-09  0.00000E+00
[CELL-DBG]   min amnt_eq =
[CELL-DBG]   aq re_mean  = -3.35342E-07
[CELL-DBG]   min re_mean =
[CELL-DBG]   aq rk_mean  =  2.55468E-07  4.73331E-05
[CELL-DBG]   min rk_mean =
[CELL-DBG]   aq rk_new   =  1.31053E-09  5.05137E-05
[CELL-DBG]   aq rk_old   =  5.09626E-07  4.41525E-05
[CELL-DBG]   min rk_new  =
[CELL-DBG]   min rk_old  =
[CELL-DBG] step=10 cell=7
[CELL-DBG]   species     =           h+          cl-         no3-    n2(aq)(p)     ch2o(aq)        hco3-       o2(aq)        co3-2
[CELL-DBG]   c_mix       =  2.55389E-06  4.22230E-06  1.07964E-05  1.69182E-06  1.21090E-05  1.00480E-03  2.13737E-12  2.22565E-08
[CELL-DBG]   c_tilde     =  2.52978E-06  4.22230E-06  1.08843E-05  1.64788E-06  1.22210E-05  1.00468E-03  2.13737E-09  2.22565E-08
[CELL-DBG]   c_new       =  2.58048E-06  4.22230E-06  1.06741E-05  1.75299E-06  1.19561E-05  1.00495E-03  5.42750E-13  1.82661E-08
[CELL-DBG]   u_mix       =  2.53163E-06  4.22230E-06  1.07964E-05  1.69182E-06  1.21090E-05  1.00482E-03  2.13737E-12
[CELL-DBG]   u_tilde     =  2.50752E-06  4.22230E-06  1.08843E-05  1.64788E-06  1.22210E-05  1.00471E-03  2.13737E-09
[CELL-DBG]   u_new       =  2.56222E-06  4.22230E-06  1.06741E-05  1.75299E-06  1.19561E-05  1.00497E-03  5.42750E-13
[CELL-DBG]   contrib_eq  = -3.99042E-09 -4.23516E-21 -1.04306E-17  5.21807E-18  6.33743E-15  3.99040E-09  8.50049E-15 -3.99041E-09
[CELL-DBG]   contrib_kin =  5.88266E-08  0.00000E+00 -2.32972E-07  1.16486E-07 -2.91798E-07  2.91798E-07 -5.83629E-10  0.00000E+00
[CELL-DBG]   min amnt_eq =
[CELL-DBG]   aq re_mean  = -3.99044E-07
[CELL-DBG]   min re_mean =
[CELL-DBG]   aq rk_mean  =  5.83633E-08  2.91217E-05
[CELL-DBG]   min rk_mean =
[CELL-DBG]   aq rk_new   =  3.20625E-10  3.05839E-05
[CELL-DBG]   aq rk_old   =  1.16406E-07  2.76595E-05
[CELL-DBG]   min rk_new  =
[CELL-DBG]   min rk_old  =
[CELL-DBG] step=10 cell=8
[CELL-DBG]   species     =           h+          cl-         no3-    n2(aq)(p)     ch2o(aq)        hco3-       o2(aq)        co3-2
[CELL-DBG]   c_mix       =  1.69214E-06  1.93838E-06  9.73551E-06  1.09174E-06  9.63965E-06  1.00376E-03  5.63868E-13  3.10873E-08
[CELL-DBG]   c_tilde     =  1.67690E-06  1.93838E-06  9.79422E-06  1.06239E-06  9.71360E-06  1.00369E-03  5.63868E-10  3.10873E-08
[CELL-DBG]   c_new       =  1.71065E-06  1.93838E-06  9.64722E-06  1.13588E-06  9.52929E-06  1.00388E-03  1.68316E-13  2.75245E-08
[CELL-DBG]   u_mix       =  1.66106E-06  1.93838E-06  9.73551E-06  1.09174E-06  9.63965E-06  1.00379E-03  5.63868E-13
[CELL-DBG]   u_tilde     =  1.64582E-06  1.93838E-06  9.79422E-06  1.06239E-06  9.71360E-06  1.00372E-03  5.63868E-10
[CELL-DBG]   u_new       =  1.68313E-06  1.93838E-06  9.64722E-06  1.13588E-06  9.52929E-06  1.00390E-03  1.68316E-13
[CELL-DBG]   contrib_eq  = -3.56285E-09  1.27055E-21 -1.71986E-18  8.56963E-19  1.15306E-15  3.56285E-09  1.64472E-15 -3.56285E-09
[CELL-DBG]   contrib_kin =  4.30614E-08  0.00000E+00 -1.71702E-07  8.58510E-08 -2.14763E-07  2.14763E-07 -1.35869E-10  0.00000E+00
[CELL-DBG]   min amnt_eq =
[CELL-DBG]   aq re_mean  = -3.56286E-07
[CELL-DBG]   min re_mean =
[CELL-DBG]   aq rk_mean  =  1.35869E-08  2.14628E-05
[CELL-DBG]   min rk_mean =
[CELL-DBG]   aq rk_new   =  7.94395E-11  2.20728E-05
[CELL-DBG]   aq rk_old   =  2.70944E-08  2.08528E-05
[CELL-DBG]   min rk_new  =
[CELL-DBG]   min rk_old  =
[CELL-DBG] step=10 cell=9
[CELL-DBG]   species     =           h+          cl-         no3-    n2(aq)(p)     ch2o(aq)        hco3-       o2(aq)        co3-2
[CELL-DBG]   c_mix       =  1.30493E-06  8.90382E-07  9.22769E-06  8.26894E-07  8.48030E-06  1.00331E-03  1.50585E-13  3.80898E-08
[CELL-DBG]   c_tilde     =  1.29304E-06  8.90382E-07  9.27464E-06  8.03420E-07  8.53913E-06  1.00325E-03  1.50585E-10  3.80898E-08
[CELL-DBG]   c_new       =  1.32092E-06  8.90382E-07  9.15388E-06  8.63798E-07  8.38804E-06  1.00341E-03  4.90005E-14  3.56288E-08
[CELL-DBG]   u_mix       =  1.26684E-06  8.90382E-07  9.22769E-06  8.26894E-07  8.48030E-06  1.00335E-03  1.50585E-13
[CELL-DBG]   u_tilde     =  1.25495E-06  8.90382E-07  9.27464E-06  8.03420E-07  8.53913E-06  1.00329E-03  1.50585E-10
[CELL-DBG]   u_new       =  1.28529E-06  8.90382E-07  9.15388E-06  8.63798E-07  8.38804E-06  1.00344E-03  4.90005E-14
[CELL-DBG]   contrib_eq  = -2.46102E-09  4.23516E-22 -3.01328E-19  1.49288E-19  2.12299E-16  2.46102E-09  3.14936E-16 -2.46102E-09
[CELL-DBG]   contrib_kin =  3.65331E-08  0.00000E+00 -1.46002E-07  7.30008E-08 -1.82535E-07  1.82535E-07 -3.27233E-11  0.00000E+00
[CELL-DBG]   min amnt_eq =
[CELL-DBG]   aq re_mean  = -2.46102E-07
[CELL-DBG]   min re_mean =
[CELL-DBG]   aq rk_mean  =  3.27233E-09  1.82502E-05
[CELL-DBG]   min rk_mean =
[CELL-DBG]   aq rk_new   =  2.03800E-11  1.84522E-05
[CELL-DBG]   aq rk_old   =  6.52428E-09  1.80482E-05
[CELL-DBG]   min rk_new  =
[CELL-DBG]   min rk_old  =
[CELL-DBG] step=10 cell=10
[CELL-DBG]   species     =           h+          cl-         no3-    n2(aq)(p)     ch2o(aq)        hco3-       o2(aq)        co3-2
[CELL-DBG]   c_mix       =  1.15738E-06  4.85052E-07  9.02640E-06  7.26900E-07  8.02580E-06  1.00314E-03  4.79627E-14  4.17934E-08
[CELL-DBG]   c_tilde     =  1.14671E-06  4.85052E-07  9.06888E-06  7.05658E-07  8.07895E-06  1.00309E-03  4.79627E-11  4.17934E-08
[CELL-DBG]   c_new       =  1.17281E-06  4.85052E-07  8.95800E-06  7.61099E-07  7.94030E-06  1.00323E-03  1.70534E-14  4.01211E-08
[CELL-DBG]   u_mix       =  1.11559E-06  4.85052E-07  9.02640E-06  7.26900E-07  8.02580E-06  1.00319E-03  4.79627E-14
[CELL-DBG]   u_tilde     =  1.10492E-06  4.85052E-07  9.06888E-06  7.05658E-07  8.07895E-06  1.00313E-03  4.79627E-11
[CELL-DBG]   u_new       =  1.13269E-06  4.85052E-07  8.95800E-06  7.61099E-07  7.94030E-06  1.00327E-03  1.70534E-14
[CELL-DBG]   contrib_eq  = -1.67225E-09 -2.11758E-22 -2.44561E-18  1.22281E-18  1.77188E-15  1.67225E-09  2.67618E-15 -1.67225E-09
[CELL-DBG]   contrib_kin =  3.41378E-08  0.00000E+00 -1.36513E-07  6.82566E-08 -1.70651E-07  1.70651E-07 -9.54216E-12  0.00000E+00
[CELL-DBG]   min amnt_eq =
[CELL-DBG]   aq re_mean  = -1.67225E-07
[CELL-DBG]   min re_mean =
[CELL-DBG]   aq rk_mean  =  9.54217E-10  1.70641E-05
[CELL-DBG]   min rk_mean =
[CELL-DBG]   aq rk_new   =  6.71711E-12  1.70995E-05
[CELL-DBG]   aq rk_old   =  1.90172E-09  1.70288E-05
[CELL-DBG]   min rk_new  =
[CELL-DBG]   min rk_old  =
